Artikelnummer im Shop,EAN / GTIN / Barcodenummer / UPC,Herstellerartikelnummern (HAN/MPN),Hersteller / Markenname,Produktname,Preis (Brutto),Lieferzeit,Produktbeschreibung,ProduktURL,BildURL_1,Versandkosten,Vorkasse,Paydirekt,Paypal,Kreditkartenzahlung über BS PAYONE GmbH,Versandkosten Kommentar
43367,5411416020059,10502140,Euron,Euron Micro Extra (12x14=168 Stk/Karton),16.50,1-3 Werktage bei Bestellungen vor 12.00 Uhr,Einlage mit Klebestreifen für die leichte Form der Blasenschwäche. EURON MICRO reicht in der Regel völlig aus wenn es bei Niesen Husten Lachen beim Heben oder körperlicher Anstrengung mal "passiert" oder wenn der Drang so plötzlich ist dass die Zeit ,https://www.inko-versand.de/inkontinenzbedarf/nach-hersteller-sortiert/euron/euron-micro-extra.html,https://www.inko-versand.de/media/catalog/product/cache/1/image/9df78eab33525d08d6e5fb8d27136e95/e/u/euron_micro_extra.jpg,4.5,,,,,Für die Lieferung innerhalb Deutschlands berechnen wir pauschal 4.50 euro pro Lieferung unabhangig vom Gewicht der Lieferung innerhalb Deutschlands. Ab einer Bestellung in Hohe von 150.00 euro liefern wir portofrei.
43379,5411416020110,10508140,Euron,Euron Micro Super Plus (12x14=168 Stück/Karton),48.40,1-3 Werktage bei Bestellungen vor 12.00 Uhr,Einlage mit Klebestreifen für die leichte bis mittlere Form der Blasenschwäche. EURON MICRO reicht in der Regel völlig aus wenn es bei Niesen Husten Lachen beim Heben oder körperlicher Anstrengung mal "passiert" oder wenn der Drang so plötzlich ist d,https://www.inko-versand.de/inkontinenzbedarf/nach-hersteller-sortiert/euron/euron-micro-super-plus-einlage-klebestreifen.html,https://www.inko-versand.de/media/catalog/product/cache/1/image/9df78eab33525d08d6e5fb8d27136e95/e/u/euron_micro_super_plus_2.jpg,4.5,,,,,Für die Lieferung innerhalb Deutschlands berechnen wir pauschal 4.50 euro pro Lieferung unabhangig vom Gewicht der Lieferung innerhalb Deutschlands. Ab einer Bestellung in Hohe von 150.00 euro liefern wir portofrei.
45380,5411416020134,10602280,Euron,Euron Micro Men Extra - leichter bis mittlerer Blasenschwäche - 224 Stück,66.50,1-3 Werktage bei Bestellungen vor 12.00 Uhr,EURON MICRO MEN wurde speziell für Männer entwickelt die mit Inkontinez konfrontiert sind. Das Produkt hat eine besonders gute Passform und bietet sich z. B. bei der vorübergehenden Blasenschwäche nach einer Prostata-Operation an. Am besten eignet si,https://www.inko-versand.de/inkontinenzbedarf/nach-hersteller-sortiert/euron/euron-micro-men-extra.html,https://www.inko-versand.de/media/catalog/product/cache/1/image/9df78eab33525d08d6e5fb8d27136e95/e/u/euron_micro_men_extra.jpg,4.5,,,,,Für die Lieferung innerhalb Deutschlands berechnen wir pauschal 4.50 euro pro Lieferung unabhangig vom Gewicht der Lieferung innerhalb Deutschlands. Ab einer Bestellung in Hohe von 150.00 euro liefern wir portofrei.
45089,5411416021704,14518140,Euron,Euron Form Super Plus Cotton Feel Gr. S 50-90 cm - mittlere bis schwere Inkontinenz - 112 Stk.,60.75,1-3 Werktage bei Bestellungen vor 12.00 Uhr,4x14=56 Stück/Karton (096€/Stk)  Euron Form Höschenwindel für mittlere bis schwere Inkontinenz unzweifelhaft die beste Wahl für bettlägerige Menschen und/oder bei Doppelinkontinenz. EURON FORM Windeln sind für mittlere bis schwere Inkontinenz geeigne,https://www.inko-versand.de/inkontinenzbedarf/nach-hersteller-sortiert/euron/euron-form-super-plus-cotton-feel-gr-s-50-90-cm.html,https://www.inko-versand.de/media/catalog/product/cache/1/image/9df78eab33525d08d6e5fb8d27136e95/e/u/euron_form_super_plus_s_1.jpg,4.5,,,,,Für die Lieferung innerhalb Deutschlands berechnen wir pauschal 4.50 euro pro Lieferung unabhangig vom Gewicht der Lieferung innerhalb Deutschlands. Ab einer Bestellung in Hohe von 150.00 euro liefern wir portofrei.
45106,5414874005484,14532281,Euron,Euron Form Extras Cotton Feel Gr. L 100-150 cm (3x28=84 Stk/Karton),47.88,1-3 Werktage bei Bestellungen vor 12.00 Uhr,Euron Form Höschenwindel für mittlere bis schwere Inkontinenz unzweifelhaft die beste Wahl für bettlägerige Menschen und/oder bei Doppelinkontinenz. EURON FORM Windeln sind für mittlere bis schwere Inkontinenz geeignet. Dank eines umfassenden Sortime,https://www.inko-versand.de/inkontinenzbedarf/nach-hersteller-sortiert/euron/euron-form-extras-cotton-feel-gr-l-100-150-cm.html,https://www.inko-versand.de/media/catalog/product/cache/1/image/9df78eab33525d08d6e5fb8d27136e95/e/u/euron_form_extra_l.jpg,4.5,,,,,Für die Lieferung innerhalb Deutschlands berechnen wir pauschal 4.50 euro pro Lieferung unabhangig vom Gewicht der Lieferung innerhalb Deutschlands. Ab einer Bestellung in Hohe von 150.00 euro liefern wir portofrei.
45091,5411416021742,14548140,Euron,Euron Form Super Plus Cotton Feel Gr. XL 100-165 cm - mittlere bis schwere Inkontinenz - 56 Stk.,52.34,1-3 Werktage bei Bestellungen vor 12.00 Uhr,Euron Form Höschenwindel für mittlere bis schwere Inkontinenz unzweifelhaft die beste Wahl für bettlägerige Menschen und/oder bei Doppelinkontinenz. EURON FORM Windeln sind für mittlere bis schwere Inkontinenz geeignet. Dank eines umfassenden Sortime,https://www.inko-versand.de/inkontinenzbedarf/nach-hersteller-sortiert/euron/euron-form-super-plus-cotton-feel-gr-xl-100-165-cm.html,https://www.inko-versand.de/media/catalog/product/cache/1/image/9df78eab33525d08d6e5fb8d27136e95/e/u/euron_form_super_plus_xl.jpg,4.5,,,,,Für die Lieferung innerhalb Deutschlands berechnen wir pauschal 4.50 euro pro Lieferung unabhangig vom Gewicht der Lieferung innerhalb Deutschlands. Ab einer Bestellung in Hohe von 150.00 euro liefern wir portofrei.
43038,5411416012849,13036140,Euron,Euron Mobi Extra Plus L 100-145 cm (8x14=112 Stk/Karton),124.50,1-3 Werktage bei Bestellungen vor 12.00 Uhr,Voll elastische Windelhose die sich wie normale Unterwäsche tragen lässt und das Toilettentraining erleichtert.     Euron Mobi ist besonders komfortabel und fühlt sich weich an. Die sichere Aufnahme reicht für die Blasenschwäche mittlerer Ausprägung ,https://www.inko-versand.de/inkontinenzbedarf/nach-hersteller-sortiert/euron/euron-mobi-extra-plus-l-100-145-cm.html,https://www.inko-versand.de/media/catalog/product/cache/1/image/9df78eab33525d08d6e5fb8d27136e95/e/u/euron_mobi_hr_klein.jpg,4.5,,,,,Für die Lieferung innerhalb Deutschlands berechnen wir pauschal 4.50 euro pro Lieferung unabhangig vom Gewicht der Lieferung innerhalb Deutschlands. Ab einer Bestellung in Hohe von 150.00 euro liefern wir portofrei.
43502,5414874004722,11506281,Euron,Euron Flex Extra Plus (6x21=126 Stück/Karton),55.70,1-3 Werktage bei Bestellungen vor 12.00 Uhr,Euron Flex ist eine Serie von antamomisch geformten Inkontinenz Vorlagen entworfen um zusammen mit den Euron Net wiederverwendbare Fixierhosen zu benutzen. Diese Euron Flex Serie ist geeignet für mittlere bis schwere Inkontinenz und bietet höchste Si,https://www.inko-versand.de/inkontinenzbedarf/nach-hersteller-sortiert/euron/euron-flex-extra-plus.html,https://www.inko-versand.de/media/catalog/product/cache/1/image/9df78eab33525d08d6e5fb8d27136e95/e/u/euron-exrta-plus_inko-versand.jpg,4.5,,,,,Für die Lieferung innerhalb Deutschlands berechnen wir pauschal 4.50 euro pro Lieferung unabhangig vom Gewicht der Lieferung innerhalb Deutschlands. Ab einer Bestellung in Hohe von 150.00 euro liefern wir portofrei.
43500,5414874004685,11502281,Euron,Euron Flex Extra (6x21=126 Stück/Karton),36.68,1-3 Werktage bei Bestellungen vor 12.00 Uhr,Artikelbeschreibung: Euron Flex ist eine Serie von antamomisch geformten Inkontinenz Vorlagen entworfen um zusammen mit den Euron Net wiederverwendbare Fixierhosen zu benutzen. Diese Euron Flex Serie ist geeignet für mittlere bis schwere Inkontinenz ,https://www.inko-versand.de/inkontinenzbedarf/nach-hersteller-sortiert/euron/euron-flex-extra.html,https://www.inko-versand.de/media/catalog/product/cache/1/image/9df78eab33525d08d6e5fb8d27136e95/e/u/euronflexeuronnetsuper-group-300dpi(2).jpg,4.5,,,,,Für die Lieferung innerhalb Deutschlands berechnen wir pauschal 4.50 euro pro Lieferung unabhangig vom Gewicht der Lieferung innerhalb Deutschlands. Ab einer Bestellung in Hohe von 150.00 euro liefern wir portofrei.
43503,5414874004746,11508281,Euron,Euron Flex Super Plus - mittlere bis schwere Inkontinenz - 126 Stk.,64.99,1-3 Werktage bei Bestellungen vor 12.00 Uhr,Euron Flex ist eine Serie von antamomisch geformten Inkontinenz Vorlagen entworfen um zusammen mit den Euron Net wiederverwendbare Fixierhosen zu benutzen. Diese Euron Flex Serie ist geeignet für mittlere bis schwere Inkontinenz und bietet höchste Si,https://www.inko-versand.de/inkontinenzbedarf/nach-hersteller-sortiert/euron/euron-flex-super-plus-6x21-126-stueck-karton.html,https://www.inko-versand.de/media/catalog/product/cache/1/image/9df78eab33525d08d6e5fb8d27136e95/e/u/euronflexeuronnetsuper-group-300dpi(5).jpg,4.5,,,,,Für die Lieferung innerhalb Deutschlands berechnen wir pauschal 4.50 euro pro Lieferung unabhangig vom Gewicht der Lieferung innerhalb Deutschlands. Ab einer Bestellung in Hohe von 150.00 euro liefern wir portofrei.
43352,5411416019831,17210501,Euron,Euron Let 11x36 cm (4x50= 200 Stück/Karton),20.95,1-3 Werktage bei Bestellungen vor 12.00 Uhr,Die Rechteckvorlage eignen sich bei leichter Blasenschwäche. Die Vorlagen sind mit Folie und Klebestreifen.,https://www.inko-versand.de/inkontinenzbedarf/nach-hersteller-sortiert/euron/euron-let-11x36-cm-4x50-200-stueck-karton.html,https://www.inko-versand.de/media/catalog/product/cache/1/image/9df78eab33525d08d6e5fb8d27136e95/r/e/rectangulars-group-300dpi(1).jpg,4.5,,,,,Für die Lieferung innerhalb Deutschlands berechnen wir pauschal 4.50 euro pro Lieferung unabhangig vom Gewicht der Lieferung innerhalb Deutschlands. Ab einer Bestellung in Hohe von 150.00 euro liefern wir portofrei.
43504,5414874004760,11509281,Euron,Euron Flex Maxi Plus - mittlere bis schwere Inkontinenz - 84 Stk.,49.90,1-3 Werktage bei Bestellungen vor 12.00 Uhr,Euron Flex ist eine Serie von antamomisch geformten Inkontinenz Vorlagen entworfen um zusammen mit den Euron Net wiederverwendbare Fixierhosen zu benutzen. Diese Euron Flex Serie ist geeignet für mittlere bis schwere Inkontinenz und bietet höchste Si,https://www.inko-versand.de/inkontinenzbedarf/nach-hersteller-sortiert/euron/euron-flex-maxi-plus.html,https://www.inko-versand.de/media/catalog/product/cache/1/image/9df78eab33525d08d6e5fb8d27136e95/2/_/2.04.3.7-euronflexmaxiplus-300dpi.jpg,4.5,,,,,Für die Lieferung innerhalb Deutschlands berechnen wir pauschal 4.50 euro pro Lieferung unabhangig vom Gewicht der Lieferung innerhalb Deutschlands. Ab einer Bestellung in Hohe von 150.00 euro liefern wir portofrei.
43501,5414874004708,11504281,Euron,Euron Flex Super Cotton Feel (6x21=126 Stück/Karton),43.40,1-3 Werktage bei Bestellungen vor 12.00 Uhr,Artikelbeschreibung: Euron Flex ist eine Serie von antamomisch geformten Inkontinenz Vorlagen entworfen um zusammen mit den Euron Net wiederverwendbare Fixierhosen zu benutzen. Diese Euron Flex Serie ist geeignet für mittlere bis schwere Inkontinenz ,https://www.inko-versand.de/inkontinenzbedarf/nach-hersteller-sortiert/euron/euron-flex-super-6x21-126-stueck-karton.html,https://www.inko-versand.de/media/catalog/product/cache/1/image/9df78eab33525d08d6e5fb8d27136e95/e/u/euronflexeuronnetsuper-group-300dpi(3).jpg,4.5,,,,,Für die Lieferung innerhalb Deutschlands berechnen wir pauschal 4.50 euro pro Lieferung unabhangig vom Gewicht der Lieferung innerhalb Deutschlands. Ab einer Bestellung in Hohe von 150.00 euro liefern wir portofrei.
43034,5411416010067,13014140,Euron,Euron Mobi Super S 60-90 cm (8x14=112 Stück/Karton),99.90,1-3 Werktage bei Bestellungen vor 12.00 Uhr,Euron Mobi ist eine Serie für leichte bis mittlere Inkontinenz die höchste Diskretion und Komfort bietet. Ideal für selbstständige und mobile Personen. Artikelbeschreibung: Euron Mobi kombiniert die neueste Technologie mit einem weichen sehr komforta,https://www.inko-versand.de/inkontinenzbedarf/nach-hersteller-sortiert/euron/euron-mobi-super-s-60-90-cm-8x14-112-stueck-karton.html,https://www.inko-versand.de/media/catalog/product/cache/1/image/9df78eab33525d08d6e5fb8d27136e95/2/./2.04.5.1-euronmobissuper-300dpi(1).jpg,4.5,,,,,Für die Lieferung innerhalb Deutschlands berechnen wir pauschal 4.50 euro pro Lieferung unabhangig vom Gewicht der Lieferung innerhalb Deutschlands. Ab einer Bestellung in Hohe von 150.00 euro liefern wir portofrei.
43036,5411416009436,13034140,Euron,Euron Mobi Super L 100-145 cm (8x14=112 Stück/Karton),125.50,1-3 Werktage bei Bestellungen vor 12.00 Uhr,Euron Mobi ist eine Serie für leichte bis mittlere Inkontinenz die höchste Diskretion und Komfort bietet. Ideal für selbstständige und mobile Personen. Artikelbeschreibung: Euron Mobi kombiniert die neueste Technologie mit einem weichen sehr komforta,https://www.inko-versand.de/inkontinenzbedarf/nach-hersteller-sortiert/euron/euron-mobi-super-l-100-145-cm-8x14-112-stueck-karton.html,https://www.inko-versand.de/media/catalog/product/cache/1/image/9df78eab33525d08d6e5fb8d27136e95/2/./2.04.5.6-euronmobilsuper-300dpi(1).jpg,4.5,,,,,Für die Lieferung innerhalb Deutschlands berechnen wir pauschal 4.50 euro pro Lieferung unabhangig vom Gewicht der Lieferung innerhalb Deutschlands. Ab einer Bestellung in Hohe von 150.00 euro liefern wir portofrei.
43374,5414874004500,10109281,Euron,Euron Micro Maxi Plus (10x28=280 Stück/Karton),71.99,1-3 Werktage bei Bestellungen vor 12.00 Uhr,Einlage mit Klebestreifen für die leichte bis mittlere Form der Blasenschwäche. EURON MICRO reicht in der Regel völlig aus wenn es bei Niesen Husten Lachen beim Heben oder körperlicher Anstrengung mal "passiert" oder wenn der Drang so plötzlich ist d,https://www.inko-versand.de/euron-micro-maxi-plus.html,https://www.inko-versand.de/media/catalog/product/cache/1/image/9df78eab33525d08d6e5fb8d27136e95/e/u/euron_micro_maxi_plus.jpg,4.5,,,,,Für die Lieferung innerhalb Deutschlands berechnen wir pauschal 4.50 euro pro Lieferung unabhangig vom Gewicht der Lieferung innerhalb Deutschlands. Ab einer Bestellung in Hohe von 150.00 euro liefern wir portofrei.
43368,5414874001820,10104281,Euron,Euron Micro Super (12x28=336 Stück/Karton),44.90,1-3 Werktage bei Bestellungen vor 12.00 Uhr,Einlage mit Klebestreifen für die leichte Form der Blasenschwäche. EURON MICRO reicht in der Regel völlig aus wenn es bei Niesen Husten Lachen beim Heben oder körperlicher Anstrengung mal "passiert" oder wenn der Drang so plötzlich ist dass die Zeit ,https://www.inko-versand.de/euron-micro-super.html,https://www.inko-versand.de/media/catalog/product/cache/1/image/9df78eab33525d08d6e5fb8d27136e95/e/u/euron_micro_super.jpg,4.5,,,,,Für die Lieferung innerhalb Deutschlands berechnen wir pauschal 4.50 euro pro Lieferung unabhangig vom Gewicht der Lieferung innerhalb Deutschlands. Ab einer Bestellung in Hohe von 150.00 euro liefern wir portofrei.
43372,5414874001868,10108281,Euron,Euron Micro Super Plus (12x28=336 Stück/Karton),74.90,1-3 Werktage bei Bestellungen vor 12.00 Uhr,Einlage mit Klebestreifen für die leichte bis mittlere Form der Blasenschwäche. EURON MICRO reicht in der Regel völlig aus wenn es bei Niesen HustenLachen beim Heben oder körperlicher Anstrengung mal "passiert" oder wenn der Drang so plötzlich ist da,https://www.inko-versand.de/euron-micro-super-plus.html,https://www.inko-versand.de/media/catalog/product/cache/1/image/9df78eab33525d08d6e5fb8d27136e95/e/u/euron_micro_super_plus_2_1.jpg,4.5,,,,,Für die Lieferung innerhalb Deutschlands berechnen wir pauschal 4.50 euro pro Lieferung unabhangig vom Gewicht der Lieferung innerhalb Deutschlands. Ab einer Bestellung in Hohe von 150.00 euro liefern wir portofrei.
43378,5411416020080,10506140,Euron,Euron Micro Extra Plus cotton feel Vorlage KART (12x14=168 Stück/Karton),39.00,1-3 Werktage bei Bestellungen vor 12.00 Uhr,Einlage mit Klebestreifen für die leichte bis mittlere Form der Blasenschwäche. EURON MICRO reicht in der Regel völlig aus wenn es bei Niesen Husten Lachen beim Heben oder körperlicher Anstrengung mal "passiert" oder wenn der Drang so plötzlich ist d,https://www.inko-versand.de/euron-micro-extra-plus-12x14-168-stueck-karton.html,https://www.inko-versand.de/media/catalog/product/cache/1/image/9df78eab33525d08d6e5fb8d27136e95/e/u/euron_micro_extra_plus_1.jpg,4.5,,,,,Für die Lieferung innerhalb Deutschlands berechnen wir pauschal 4.50 euro pro Lieferung unabhangig vom Gewicht der Lieferung innerhalb Deutschlands. Ab einer Bestellung in Hohe von 150.00 euro liefern wir portofrei.
43368,5414874001820,10104281,Euron,Euron Micro Super (12x28=336 Stück/Karton),44.90,1-3 Werktage bei Bestellungen vor 12.00 Uhr,Einlage mit Klebestreifen für die leichte Form der Blasenschwäche. EURON MICRO reicht in der Regel völlig aus wenn es bei Niesen Husten Lachen beim Heben oder körperlicher Anstrengung mal "passiert" oder wenn der Drang so plötzlich ist dass die Zeit ,https://www.inko-versand.de/euron-micro-super.html,https://www.inko-versand.de/media/catalog/product/cache/1/image/9df78eab33525d08d6e5fb8d27136e95/e/u/euron_micro_super.jpg,4.5,,,,,Für die Lieferung innerhalb Deutschlands berechnen wir pauschal 4.50 euro pro Lieferung unabhangig vom Gewicht der Lieferung innerhalb Deutschlands. Ab einer Bestellung in Hohe von 150.00 euro liefern wir portofrei.
43366,0005411416020,10500280,Euron,Euron Micro Ultra cotton feel Vorlag (28x12=336 Stück/Karton),29.10,1-3 Werktage bei Bestellungen vor 12.00 Uhr,Einlage mit Klebestreifen für die leichte Form der Blasenschwäche. EURON MICRO reicht in der Regel völlig aus wenn es bei Niesen Husten Lachen beim Heben oder körperlicher Anstrengung mal "passiert" oder wenn der Drang so plötzlich ist dass die Zeit ,https://www.inko-versand.de/euron-micro-ultra.html,https://www.inko-versand.de/media/catalog/product/cache/1/image/9df78eab33525d08d6e5fb8d27136e95/e/u/euron_micro_ultra.jpg,4.5,,,,,Für die Lieferung innerhalb Deutschlands berechnen wir pauschal 4.50 euro pro Lieferung unabhangig vom Gewicht der Lieferung innerhalb Deutschlands. Ab einer Bestellung in Hohe von 150.00 euro liefern wir portofrei.
43370,5414874001783,10106281,Euron,Euron Micro Extra Plus (12x28=336 Stück/Karton),57.75,1-3 Werktage bei Bestellungen vor 12.00 Uhr,Einlage mit Klebestreifen für die leichte bis mittlere Form der Blasenschwäche. EURON MICRO reicht in der Regel völlig aus wenn es bei Niesen Husten Lachen beim Heben oder körperlicher Anstrengung mal "passiert" oder wenn der Drang so plötzlich ist d,https://www.inko-versand.de/euron-micro-extra-plus-12x28-336-stueck-karton.html,https://www.inko-versand.de/media/catalog/product/cache/1/image/9df78eab33525d08d6e5fb8d27136e95/e/u/euron_micro_extra_plus.jpg,4.5,,,,,Für die Lieferung innerhalb Deutschlands berechnen wir pauschal 4.50 euro pro Lieferung unabhangig vom Gewicht der Lieferung innerhalb Deutschlands. Ab einer Bestellung in Hohe von 150.00 euro liefern wir portofrei.
45382,5411416020158,10604281,Euron,Euron Micro Men Super (8x28=224 Stück/Karton),79.50,1-3 Werktage bei Bestellungen vor 12.00 Uhr,EURON MICRO MEN wurde speziell für Männer entwickelt die mit Inkontinez konfrontiert sind. Das Produkt hat eine besonders gute Passform und bietet sich z. B. bei der vorübergehenden Blasenschwäche nach einer Prostata-Operation an. Am besten eignet si,https://www.inko-versand.de/euron-micro-men-super.html,https://www.inko-versand.de/media/catalog/product/cache/1/image/9df78eab33525d08d6e5fb8d27136e95/e/u/euron_micro_men_super.jpg,4.5,,,,,Für die Lieferung innerhalb Deutschlands berechnen wir pauschal 4.50 euro pro Lieferung unabhangig vom Gewicht der Lieferung innerhalb Deutschlands. Ab einer Bestellung in Hohe von 150.00 euro liefern wir portofrei.
43355,5411416018070,17511280,Euron,Anatomische Vorlage mit PE 17511280 (9x28=252 Stück/Karton),80.05,1-3 Werktage bei Bestellungen vor 12.00 Uhr,Die Rechteckvorlage eignen sich bei leichter bis mittlerer Blasenschwäche. Fixiert werden die Vorlagen mit den elastischen Netzhöschen.,https://www.inko-versand.de/euron-let-26x53-cm-9x28-252-stueck-karton.html,https://www.inko-versand.de/media/catalog/product/cache/1/image/9df78eab33525d08d6e5fb8d27136e95/r/e/rectangulars-group-300dpi(3).jpg,4.5,,,,,Für die Lieferung innerhalb Deutschlands berechnen wir pauschal 4.50 euro pro Lieferung unabhangig vom Gewicht der Lieferung innerhalb Deutschlands. Ab einer Bestellung in Hohe von 150.00 euro liefern wir portofrei.
43121,5411416020752,11501280,Euron,Euron Flex Ultra Plus (4x28=112 Stück/Karton),29.02,1-3 Werktage bei Bestellungen vor 12.00 Uhr,Artikelbeschreibung: Euron Flex ist eine Serie von antamomisch geformten Inkontinenz Vorlagen entworfen um zusammen mit den Euron Net wiederverwendbare Fixierhosen zu benutzen. Diese Euron Flex Serie ist geeignet für mittlere bis schwere Inkontinenz ,https://www.inko-versand.de/euron-flex-ultra-plus.html,https://www.inko-versand.de/media/catalog/product/cache/1/image/9df78eab33525d08d6e5fb8d27136e95/e/u/euronflexeuronnetsuper-group-300dpi(1).jpg,4.5,,,,,Für die Lieferung innerhalb Deutschlands berechnen wir pauschal 4.50 euro pro Lieferung unabhangig vom Gewicht der Lieferung innerhalb Deutschlands. Ab einer Bestellung in Hohe von 150.00 euro liefern wir portofrei.
45101,5414874005446,14522282,Euron,Euron Form Extras Cotton Feel Gr. M 70-120 cm (4x28=112 Stück/Karton),53.35,1-3 Werktage bei Bestellungen vor 12.00 Uhr,Euron Form Höschenwindel für mittlere bis schwere Inkontinenz unzweifelhaft die beste Wahl für bettlägerige Menschen und/oder bei Doppelinkontinenz. EURON FORM Windeln sind für mittlere bis schwere Inkontinenz geeignet. Dank eines umfassenden Sortime,https://www.inko-versand.de/euron-form-extras-cotton-feel-gr-m-70-120-cm.html,https://www.inko-versand.de/media/catalog/product/cache/1/image/9df78eab33525d08d6e5fb8d27136e95/e/u/euron_form_extra_m.jpg,4.5,,,,,Für die Lieferung innerhalb Deutschlands berechnen wir pauschal 4.50 euro pro Lieferung unabhangig vom Gewicht der Lieferung innerhalb Deutschlands. Ab einer Bestellung in Hohe von 150.00 euro liefern wir portofrei.
45088,5411416021681,14516140,Euron,Euron Form Extras Plus Cotton Feel Gr. S 50-90 cm (8x14=112 Stück/Karton),50.95,1-3 Werktage bei Bestellungen vor 12.00 Uhr,Euron Form Höschenwindel für mittlere bis schwere Inkontinenz unzweifelhaft die beste Wahl für bettlägerige Menschen und/oder bei Doppelinkontinenz. EURON FORM Windeln sind für mittlere bis schwere Inkontinenz geeignet. Dank eines umfassenden Sortime,https://www.inko-versand.de/euron-form-extras-plus-cotton-feel-gr-s-50-90-cm.html,https://www.inko-versand.de/media/catalog/product/cache/1/image/9df78eab33525d08d6e5fb8d27136e95/e/u/euron_form_extra_plus_s.jpg,4.5,,,,,Für die Lieferung innerhalb Deutschlands berechnen wir pauschal 4.50 euro pro Lieferung unabhangig vom Gewicht der Lieferung innerhalb Deutschlands. Ab einer Bestellung in Hohe von 150.00 euro liefern wir portofrei.
45107,5414874005507,14536281,Euron,Euron Form Extras Plus Cotton Feel Gr. L 100-150 cm (3x28=84 Stück/Karton),67.99,1-3 Werktage bei Bestellungen vor 12.00 Uhr,Euron Form Höschenwindel für mittlere bis schwere Inkontinenz unzweifelhaft die beste Wahl für bettlägerige Menschen und/oder bei Doppelinkontinenz. EURON FORM Windeln sind für mittlere bis schwere Inkontinenz geeignet. Dank eines umfassenden Sortime,https://www.inko-versand.de/euron-form-extras-plus-cotton-feel-gr-l-100-150-cm.html,https://www.inko-versand.de/media/catalog/product/cache/1/image/9df78eab33525d08d6e5fb8d27136e95/e/u/euron_form_extra_plus_l.jpg,4.5,,,,,Für die Lieferung innerhalb Deutschlands berechnen wir pauschal 4.50 euro pro Lieferung unabhangig vom Gewicht der Lieferung innerhalb Deutschlands. Ab einer Bestellung in Hohe von 150.00 euro liefern wir portofrei.
45092,5411416021728,14546140,Euron,Euron Form Extras Plus Cotton Feel Gr. XL 100-165 cm (4x14=56 Stück/Karton),47.10,1-3 Werktage bei Bestellungen vor 12.00 Uhr,Euron Form Höschenwindel für mittlere bis schwere Inkontinenz unzweifelhaft die beste Wahl für bettlägerige Menschen und/oder bei Doppelinkontinenz. EURON FORM Windeln sind für mittlere bis schwere Inkontinenz geeignet. Dank eines umfassenden Sortime,https://www.inko-versand.de/euron-form-extras-plus-cotton-feel-gr-xl-100-165-cm.html,https://www.inko-versand.de/media/catalog/product/cache/1/image/9df78eab33525d08d6e5fb8d27136e95/e/u/euron_form_extra_plus_xl.jpg,4.5,,,,,Für die Lieferung innerhalb Deutschlands berechnen wir pauschal 4.50 euro pro Lieferung unabhangig vom Gewicht der Lieferung innerhalb Deutschlands. Ab einer Bestellung in Hohe von 150.00 euro liefern wir portofrei.
45104,5414874005460,14526281,Euron,Euron Form Extras Plus Cotton Feel Gr. M 70-120 cm (4x28=112 Stück/Karton),74.40,1-3 Werktage bei Bestellungen vor 12.00 Uhr,Euron Form Höschenwindel für mittlere bis schwere Inkontinenz unzweifelhaft die beste Wahl für bettlägerige Menschen und/oder bei Doppelinkontinenz. EURON FORM Windeln sind für mittlere bis schwere Inkontinenz geeignet. Dank eines umfassenden Sortime,https://www.inko-versand.de/euron-form-extras-plus-cotton-feel-gr-m-70-120-cm.html,https://www.inko-versand.de/media/catalog/product/cache/1/image/9df78eab33525d08d6e5fb8d27136e95/e/u/euron_form_extra_plus_m.jpg,4.5,,,,,Für die Lieferung innerhalb Deutschlands berechnen wir pauschal 4.50 euro pro Lieferung unabhangig vom Gewicht der Lieferung innerhalb Deutschlands. Ab einer Bestellung in Hohe von 150.00 euro liefern wir portofrei.
45098,5411416020332,14528280,Euron,Euron Form Super Plus Cotton Feel Gr. M 70-120 cm - mittlere bis schwere Inkontinenz - 84 Stk.,66.99,1-3 Werktage bei Bestellungen vor 12.00 Uhr,Euron Form Höschenwindel für mittlere bis schwere Inkontinenz unzweifelhaft die beste Wahl für bettlägerige Menschen und/oder bei Doppelinkontinenz. EURON FORM Windeln sind für mittlere bis schwere Inkontinenz geeignet. Dank eines umfassenden Sortime,https://www.inko-versand.de/euron-form-super-plus-cotton-feel-gr-m-70-120-cm.html,https://www.inko-versand.de/media/catalog/product/cache/1/image/9df78eab33525d08d6e5fb8d27136e95/e/u/euron_form_super_plus_m.jpg,4.5,,,,,Für die Lieferung innerhalb Deutschlands berechnen wir pauschal 4.50 euro pro Lieferung unabhangig vom Gewicht der Lieferung innerhalb Deutschlands. Ab einer Bestellung in Hohe von 150.00 euro liefern wir portofrei.
45099,5411416020417,14538280,Euron,Euron Form Super Plus Cotton Feel Gr. L 100-150 cm -mittlere bis schwere Inkontinenz - 56 Stk.,49.95,1-3 Werktage bei Bestellungen vor 12.00 Uhr,Euron Form Höschenwindel für mittlere bis schwere Inkontinenz unzweifelhaft die beste Wahl für bettlägerige Menschen und/oder bei Doppelinkontinenz. EURON FORM Windeln sind für mittlere bis schwere Inkontinenz geeignet. Dank eines umfassenden Sortime,https://www.inko-versand.de/euron-form-super-plus-cotton-feel-gr-l-100-150-cm.html,https://www.inko-versand.de/media/catalog/product/cache/1/image/9df78eab33525d08d6e5fb8d27136e95/e/u/euron_form_super_plus_l_1.jpg,4.5,,,,,Für die Lieferung innerhalb Deutschlands berechnen wir pauschal 4.50 euro pro Lieferung unabhangig vom Gewicht der Lieferung innerhalb Deutschlands. Ab einer Bestellung in Hohe von 150.00 euro liefern wir portofrei.
43039,54114160127,13022140,Euron,Euron Mobi Extra Windelhosen M 80-120 cm (8x14=112 Stück/Karton),96.30,1-3 Werktage bei Bestellungen vor 12.00 Uhr,Euron Mobi ist eine Serie für leichte bis mittlere Inkontinenz die höchste Diskretion und Komfort bietet. Ideal für selbstständige und mobile Personen. Artikelbeschreibung: Euron Mobi kombiniert die neueste Technologie mit einem weichen sehr komforta,https://www.inko-versand.de/euron-mobi-extra-m-80-120-cm-8x14-112-stueck-karton.html,https://www.inko-versand.de/media/catalog/product/cache/1/image/9df78eab33525d08d6e5fb8d27136e95/2/./2.04.5.2-euronmobimextra-300dpi.jpg,4.5,,,,,Für die Lieferung innerhalb Deutschlands berechnen wir pauschal 4.50 euro pro Lieferung unabhangig vom Gewicht der Lieferung innerhalb Deutschlands. Ab einer Bestellung in Hohe von 150.00 euro liefern wir portofrei.
43040,5411416012801,13032140,Euron,Euron Mobi Extra L 100-145 cm (8x14=112 Stück/Karton),103.85,1-3 Werktage bei Bestellungen vor 12.00 Uhr,Euron Mobi ist eine Serie für leichte bis mittlere Inkontinenz die höchste Diskretion und Komfort bietet. Ideal für selbstständige und mobile Personen.  Artikelbeschreibung: Euron Mobi kombiniert die neueste Technologie mit einem weichen sehr komfort,https://www.inko-versand.de/euron-mobi-extra-l-100-145-cm-8x14-112-stueck-karton.html,https://www.inko-versand.de/media/catalog/product/cache/1/image/9df78eab33525d08d6e5fb8d27136e95/2/./2.04.5.2-euronmobimextra-300dpi_1.jpg,4.5,,,,,Für die Lieferung innerhalb Deutschlands berechnen wir pauschal 4.50 euro pro Lieferung unabhangig vom Gewicht der Lieferung innerhalb Deutschlands. Ab einer Bestellung in Hohe von 150.00 euro liefern wir portofrei.
CP 02.01.02.01,4260377930065,CP 02.01.02.01,Lovital,Lovital Pro 8.5 - Proteinpulver - 300g,16.50,1-3 Werktage bei Bestellungen vor 12.00 Uhr,Geschmack neutral Ist angereichert mit Vitaminen Mineralstoffen und Spurenelementen Enthült Kollagen- ein wichtiges Strukturprotein bei der Zell und Knorpelbildung Mit geringem Kohlenhydratgehalt Hoher Anteil an essentiellen Aminosüuren die als,https://www.inko-versand.de/nahrung/nahrungsergaenzungsmittel/lovital/lovital-pro-8-5-proteinpulver.html,https://www.inko-versand.de/media/catalog/product/cache/1/image/9df78eab33525d08d6e5fb8d27136e95/l/o/lovital-pro-8-5.jpg,4.5,,,,,Für die Lieferung innerhalb Deutschlands berechnen wir pauschal 4.50 € pro Lieferung unabhängig vom Gewicht der Lieferung innerhalb Deutschlands.  Ab einer Bestellung in Höhe von 150.00 € liefern wir portofrei.
CP 06.01.03.01,4260377930157,CP 06.01.03.01,Lovital,Lovital NutriPro - Ernührungspulver - 1500g,36.89,1-3 Werktage bei Bestellungen vor 12.00 Uhr,Erhültlich im 1500 g Eimer Hochwertiges normokalorisches Instant Ernührungspulver Schnelle und hohe Lüslichkeit Geschmacks- und geruchsneutral Sehr gute Kontrolle der Kalorienaufnahme Enthült alle lebenswichtigen Vitamine Mineralstoffe und S,https://www.inko-versand.de/nahrung/nahrungsergaenzungsmittel/lovital/lovital-nutripro-1500g.html,https://www.inko-versand.de/media/catalog/product/cache/1/image/9df78eab33525d08d6e5fb8d27136e95/l/o/lovital-nutripro.jpg,4.5,,,,,Für die Lieferung innerhalb Deutschlands berechnen wir pauschal 4.50 € pro Lieferung unabhängig vom Gewicht der Lieferung innerhalb Deutschlands.  Ab einer Bestellung in Höhe von 150.00 € liefern wir portofrei.
CP.03.05.04.01,4100910207561,CP.03.05.04.01,Lovital,Lovital Quick & Thick - Andickungspulver - 1.000g,28.90,1-3 Werktage bei Bestellungen vor 12.00 Uhr,Bestens geeignet zum Andicken von Speisen und Getrünken. Dickt kalte und heiüe Flüssigkeiten gleichermaüen ist gefrier- und auftaustabil. Geschmacks- und geruchsneutral. Lüst sich schnell klumpenfrei und dickt nicht nach. Schnelle und sic,https://www.inko-versand.de/nahrung/nahrungsergaenzungsmittel/lovital/lovital-complete-quck-and-thick-1000g.html,https://www.inko-versand.de/media/catalog/product/cache/1/image/9df78eab33525d08d6e5fb8d27136e95/l/o/lovital-quick_thick_1.jpg,4.5,,,,,Für die Lieferung innerhalb Deutschlands berechnen wir pauschal 4.50 € pro Lieferung unabhängig vom Gewicht der Lieferung innerhalb Deutschlands.  Ab einer Bestellung in Höhe von 150.00 € liefern wir portofrei.
CP.04.06.05.01,4260377930119,CP.04.06.05.01,Lovital,Lovital Maltodextrin - Kohlenhydratpulver - 2.500g,24.95,1-3 Werktage bei Bestellungen vor 12.00 Uhr,Eimer 1L = 500g Gescmack neutral dient zur Energieanreicherung von Speisen und Getrünken Zutatenverzeichnis: Maltodextrin Das Plus an Kohlenhydraten lüst sich schnell in kalten und warmen Flüssigkeiten vüllig geschmacksneutral Anwendung ohne ,https://www.inko-versand.de/nahrung/nahrungsergaenzungsmittel/lovital/lovital-pro-8-5-kohlenhydratpulver-2500g.html,https://www.inko-versand.de/media/catalog/product/cache/1/image/9df78eab33525d08d6e5fb8d27136e95/l/o/lovital-maltodextrin_1.jpg,4.5,,,,,Für die Lieferung innerhalb Deutschlands berechnen wir pauschal 4.50 € pro Lieferung unabhängig vom Gewicht der Lieferung innerhalb Deutschlands.  Ab einer Bestellung in Höhe von 150.00 € liefern wir portofrei.
CP 06.01.06.01,4260377930164,CP 06.01.06.01,Lovital,Lovital NutriPro - Ernührungspulver - 500g,16.50,1-3 Werktage bei Bestellungen vor 12.00 Uhr,Erhültlich im 1500 g Eimer Hochwertiges normokalorisches Instant Ernührungspulver Schnelle und hohe Lüslichkeit Geschmacks- und geruchsneutral Sehr gute Kontrolle der Kalorienaufnahme Enthült alle lebenswichtigen Vitamine Mineralstoffe und S,https://www.inko-versand.de/nahrung/nahrungsergaenzungsmittel/lovital/lovital-nutripro-500g.html,https://www.inko-versand.de/media/catalog/product/cache/1/image/9df78eab33525d08d6e5fb8d27136e95/l/o/lovital-nutripro_1.jpg,4.5,,,,,Für die Lieferung innerhalb Deutschlands berechnen wir pauschal 4.50 € pro Lieferung unabhängig vom Gewicht der Lieferung innerhalb Deutschlands.  Ab einer Bestellung in Höhe von 150.00 € liefern wir portofrei.
CP.02.01.03.01,4260377930089,CP.02.01.03.01,Lovital,Lovital Pro 8.5 - Proteinpulver - 1500g,70.70,1-3 Werktage bei Bestellungen vor 12.00 Uhr,Geschmack neutral Ist angereichert mit Vitaminen Mineralstoffen und Spurenelementen Enthïült Kollagen- ein wichtiges Strukturprotein bei der Zell und Knorpelbildung Mit geringem Kohlenhydratgehalt Hoher Anteil an essentiellen Aminosïüuren die als,https://www.inko-versand.de/nahrung/nahrungsergaenzungsmittel/lovital/lovital-pro-8-5-proteinpulver-1500g.html,https://www.inko-versand.de/media/catalog/product/cache/1/image/9df78eab33525d08d6e5fb8d27136e95/l/o/lovital-pro-8-5_1.jpg,4.5,,,,,Für die Lieferung innerhalb Deutschlands berechnen wir pauschal 4.50 € pro Lieferung unabhïüngig vom Gewicht der Lieferung innerhalb Deutschlands.  Ab einer Bestellung in Hïühe von 150.00 € liefern wir portofrei.
CP 01.02.01.01,4100910107526,CP 01.02.01.01,Lovital,Lovital complete Kaffee,29.00,1-3 Werktage bei Bestellungen vor 12.00 Uhr,Trinknahrung mit Kaffee Geschmacksrichtung Weitere Geschmacksrichtungen sind derzeit lieferbar Basic Kaffee Keks und Vanille im sortenreinen oder Mischkarton Enthült alle lebenswichtigen Mikro- und Makronührstoffe wie Eiweiü Kohlenhydrate F,https://www.inko-versand.de/nahrung/trinknahrung/lovital/lovital-kaffee-trinknahrung.html,https://www.inko-versand.de/media/catalog/product/cache/1/image/9df78eab33525d08d6e5fb8d27136e95/l/o/lovital-complete_kaffee-geschmack.jpg,4.5,,,,,Für die Lieferung innerhalb Deutschlands berechnen wir pauschal 4.50 € pro Lieferung unabhängig vom Gewicht der Lieferung innerhalb Deutschlands.  Ab einer Bestellung in Höhe von 150.00 € liefern wir portofrei.
CP 01.01.01.01,4100910107502,CP 01.01.01.01,Lovital,Lovital complete Basic,29.00,1-3 Werktage bei Bestellungen vor 12.00 Uhr,Trinknahrung Mischkarton mit neutralem Geschmack Folgende Geschmacksrichtungen sind derzeit lieferbar Basic Kaffee Keks und Vanille im sortenreinen oder Mischkarton Enthült alle lebenswichtigen Mikro- und Makronührstoffe wie Eiweiü Kohlenhyd,https://www.inko-versand.de/nahrung/trinknahrung/lovital/lovital-complete-trinknahrung-geschmack-basic.html,https://www.inko-versand.de/media/catalog/product/cache/1/image/9df78eab33525d08d6e5fb8d27136e95/l/o/lovital-complete_basic.jpg,4.5,,,,,Für die Lieferung innerhalb Deutschlands berechnen wir pauschal 4.50 € pro Lieferung unabhängig vom Gewicht der Lieferung innerhalb Deutschlands.  Ab einer Bestellung in Höhe von 150.00 € liefern wir portofrei.
CP 01.07.01.01,4100910107564,CP 01.07.01.01,Lovital,Lovital complete Karton mit allen vier Geschmackrichtungen,29.00,1-3 Werktage bei Bestellungen vor 12.00 Uhr,Trinknahrung Mischkarton mit allen 4 Geschmacksrichtungen (Basic Kaffee Vanille und Keks) Folgende Geschmacksrichtungen sind derzeit lieferbar Basic Kaffee Keks und Vanille im sortenreinen oder Mischkarton Enthült alle lebenswichtigen Mikro- un,https://www.inko-versand.de/nahrung/trinknahrung/lovital/lovital-complete-trinknahrung-vier-geschmacksrichtungen-4.html,https://www.inko-versand.de/media/catalog/product/cache/1/image/9df78eab33525d08d6e5fb8d27136e95/l/o/lovital-trinknahrung_1-min.jpg,4.5,,,,,Für die Lieferung innerhalb Deutschlands berechnen wir pauschal 4.50 € pro Lieferung unabhängig vom Gewicht der Lieferung innerhalb Deutschlands.  Ab einer Bestellung in Höhe von 150.00 € liefern wir portofrei.
CP 01.03.01.01,4100910107519,CP 01.03.01.01,Lovital,Lovital complete Vanille,29.00,1-3 Werktage bei Bestellungen vor 12.00 Uhr,Trinknahrung Vanille Geschmacksrichtung Weitere Geschmacksrichtungen sind derzeit lieferbar Basic Kaffee Keks und Vanille im sortenreinen oder Mischkarton Enthült alle lebenswichtigen Mikro- und Makronührstoffe wie Eiweiü Kohlenhydrate Fett,https://www.inko-versand.de/nahrung/trinknahrung/lovital/lovital-complete-trinknahrung-vanille.html,https://www.inko-versand.de/media/catalog/product/cache/1/image/9df78eab33525d08d6e5fb8d27136e95/l/o/lovital-complete_vanille_1.jpg,4.5,,,,,Für die Lieferung innerhalb Deutschlands berechnen wir pauschal 4.50 € pro Lieferung unabhängig vom Gewicht der Lieferung innerhalb Deutschlands.  Ab einer Bestellung in Höhe von 150.00 € liefern wir portofrei.
CP 01.06.01.01,4100910107557,CP 01.06.01.01,Lovital,Lovital complete Keks,29.00,1-3 Werktage bei Bestellungen vor 12.00 Uhr,Trinknahrung Keks Geschmacksrichtung Weiter Geschmacksrichtungen sind derzeit lieferbar Basic Kaffee Keks und Vanille im sortenreinen oder Mischkarton Enthält alle lebenswichtigen Mikro- und Makronährstoffe wie EiweiÃŸ Kohlenhydrate Fette Vita,https://www.inko-versand.de/nahrung/trinknahrung/lovital/lovital-complete-trinknahrung-keks.html,https://www.inko-versand.de/media/catalog/product/cache/1/image/9df78eab33525d08d6e5fb8d27136e95/l/o/lovital-complete_keks-geschmack_1.jpg,4.5,,,,,Für die Lieferung innerhalb Deutschlands berechnen wir pauschal 4.50 € pro Lieferung unabhängig vom Gewicht der Lieferung innerhalb Deutschlands.  Ab einer Bestellung in Höhe von 150.00 € liefern wir portofrei.
T-0005,7322540646986,711130,Tena,TENA Slip Super S 56-85cm - 90 Stück,35.55,1-3 Werktage bei Bestellungen vor 12.00 Uhr,Der TENA Slip Super ist durch die Nutzung der ConfioAir-Technik ganzheitlich atmungsaktiv. Der schnell wirkende Kern des Produkts mit sehr starker Saugstärke liefert hohen Schutz. Ausserdem ist das Produkt dermatologisch getestet. Die anatomischen B,https://www.inko-versand.de/tena-slip-super-s-56-85cm.html,https://www.inko-versand.de/media/catalog/product/cache/1/image/9df78eab33525d08d6e5fb8d27136e95/i/n/inko-versand_tena_slip_super_s_30.jpg,4.5,,,,,Für die Lieferung innerhalb Deutschlands berechnen wir pauschal 4.50 € pro Lieferung unabhängig vom Gewicht der Lieferung innerhalb Deutschlands.  Ab einer Bestellung in Höhe von 150.00 € liefern wir portofrei.
44061,7322540446302,794610,Tena,TENA Pants Maxi Large einweghose - Umfang 100-135cm - 40 Stück,55.76,1-3 Werktage bei Bestellungen vor 12.00 Uhr,TENA Pants -saugfähige Einweghose für jeden Grad der Blasenschwäche. Einfach wie normale Unterwäsche zu tragen.  Kein Rascheln dank stoffartigem Material verrutscht nicht 100 % atmungsaktiv durch das Air Dry Layer™ Material Tragen sich wie nor,https://www.inko-versand.de/inkontinenzbedarf/nach-hersteller-sortiert/tena-pants-maxi-l-100-135cm.html,https://www.inko-versand.de/media/catalog/product/cache/1/image/9df78eab33525d08d6e5fb8d27136e95/t/e/tenapantsmaxim1(1).jpg,4.5,,,,,Für die Lieferung innerhalb Deutschlands berechnen wir pauschal 4.50 € pro Lieferung unabhängig vom Gewicht der Lieferung innerhalb Deutschlands.  Ab einer Bestellung in Höhe von 150.00 € liefern wir portofrei.
44062,7322540574906,793612,Tena,TENA Pants Super Large ConfioFit Einweghose - Umfang 100-135cm - 48 Stück,45.56,1-3 Werktage bei Bestellungen vor 12.00 Uhr,TENA Pants -saugfähige Einweghose für jeden Grad der Blasenschwäche. Einfach wie normale Unterwäsche zu tragen.  Kein Rascheln dank stoffartigem Material verrutscht nicht 100 % atmungsaktiv durch das Air Dry Layer™ Material Tragen sich wie nor,https://www.inko-versand.de/inkontinenzbedarf/nach-hersteller-sortiert/tena-pants-super-l-100-135cm-48stk.html,https://www.inko-versand.de/media/catalog/product/cache/1/image/9df78eab33525d08d6e5fb8d27136e95/t/e/tenapantssuper1(2).jpg,4.5,,,,,Für die Lieferung innerhalb Deutschlands berechnen wir pauschal 4.50 € pro Lieferung unabhängig vom Gewicht der Lieferung innerhalb Deutschlands.  Ab einer Bestellung in Höhe von 150.00 € liefern wir portofrei.
44037,7322540574845,794510,Tena,TENA Pants maxi Medium ConfioFit Einweghose - Umfang 80-110 cm - 40 Stück,62.50,1-3 Werktage bei Bestellungen vor 12.00 Uhr,TENA Pants -saugfähige Einweghose für jeden Grad der Blasenschwäche. Einfach wie normale Unterwäsche zu tragen.  Kein Rascheln dank stoffartigem Material verrutscht nicht 100 % atmungsaktiv durch das Air Dry Layer™ Material Tragen sich wie nor,https://www.inko-versand.de/inkontinenzbedarf/nach-hersteller-sortiert/tena-pants-maxi-m-80-110-cm.html,https://www.inko-versand.de/media/catalog/product/cache/1/image/9df78eab33525d08d6e5fb8d27136e95/t/e/tenapantsmaxim1.jpg,4.5,,,,,Für die Lieferung innerhalb Deutschlands berechnen wir pauschal 4.50 € pro Lieferung unabhängig vom Gewicht der Lieferung innerhalb Deutschlands.  Ab einer Bestellung in Höhe von 150.00 € liefern wir portofrei.
44040,7322540054903,711228,Tena,TENA Slip Super M 73-122cm - mittlere bis schwere Inkontinenz - 84 Stück,38.90,1-3 Werktage bei Bestellungen vor 12.00 Uhr,Windelhosen für mittlere bis schwerste Inkontinenz und Doppelinkontinez.  FeelDry™-Für ein absolut trockenes Gefühl Twin Core Dry Soft Technology™ doppelter Saugkern - für maximale Auslaufsicherheit und Trockenheit Flexfit™ Elastikzonen im ,https://www.inko-versand.de/inkontinenzbedarf/nach-hersteller-sortiert/tena-slip-super-m-73-122cm-karton.html,https://www.inko-versand.de/media/catalog/product/cache/1/image/9df78eab33525d08d6e5fb8d27136e95/t/e/tenaslipsuperm1.jpg,4.5,,,,,Für die Lieferung innerhalb Deutschlands berechnen wir pauschal 4.50 € pro Lieferung unabhängig vom Gewicht der Lieferung innerhalb Deutschlands.  Ab einer Bestellung in Höhe von 150.00 € liefern wir portofrei.
44006,7310791246734,793512,Tena,TENA Pants Super Medium - Umfang 80-110 cm - 48 Stück,54.31,1-3 Werktage bei Bestellungen vor 12.00 Uhr,TENA Pants -saugfähige Einweghose für jeden Grad der Blasenschwäche. Einfach wie normale Unterwäsche zu tragen.  Kein Rascheln dank stoffartigem Material verrutscht nicht 100 % atmungsaktiv durch das Air Dry Layer™ Material Tragen sich wie nor,https://www.inko-versand.de/inkontinenzbedarf/nach-hersteller-sortiert/tena-pants-super-m-80-110-cm.html,https://www.inko-versand.de/media/catalog/product/cache/1/image/9df78eab33525d08d6e5fb8d27136e95/t/e/tenapantssuper1(1).jpg,4.5,,,,,Für die Lieferung innerhalb Deutschlands berechnen wir pauschal 4.50 € pro Lieferung unabhängig vom Gewicht der Lieferung innerhalb Deutschlands.  Ab einer Bestellung in Höhe von 150.00 € liefern wir portofrei.
44031,7322540712469,793412,Tena,TENA Pants Super S ConfioFit Einweghose - Umfang 65-85 cm - 48 Stück,51.98,1-3 Werktage bei Bestellungen vor 12.00 Uhr,TENA Pants -saugfähige Einweghose für jeden Grad der Blasenschwäche. Einfach wie normale Unterwäsche zu tragen.  Kein Rascheln dank stoffartigem Material verrutscht nicht 100 % atmungsaktiv durch das Air Dry Layer™ Material Tragen sich wie nor,https://www.inko-versand.de/inkontinenzbedarf/nach-hersteller-sortiert/tena-pants-super-s-65-85-cm.html,https://www.inko-versand.de/media/catalog/product/cache/1/image/9df78eab33525d08d6e5fb8d27136e95/t/e/tenapantssuper1.jpg,4.5,,,,,Für die Lieferung innerhalb Deutschlands berechnen wir pauschal 4.50 € pro Lieferung unabhängig vom Gewicht der Lieferung innerhalb Deutschlands.  Ab einer Bestellung in Höhe von 150.00 € liefern wir portofrei.
44002,7322540646733,710630,Tena,TENA Slip Plus M 73-122cm - mittlere bis schwerste Inkontinenz und Doppelinkontinez - 90 Stk.,45.99,1-3 Werktage bei Bestellungen vor 12.00 Uhr,Windelhosen für mittlere bis schwerste Inkontinenz und Doppelinkontinez.  FeelDry™-Für ein absolut trockenes Gefühl Twin Core Dry Soft Technology™ doppelter Saugkern - für maximale Auslaufsicherheit und Trockenheit Flexfit™ Elastikzonen im ,https://www.inko-versand.de/inkontinenzbedarf/nach-hersteller-sortiert/tena-slip-plus-m-73-122cm.html,https://www.inko-versand.de/media/catalog/product/cache/1/image/9df78eab33525d08d6e5fb8d27136e95/t/e/tenaslipplus1.jpg,4.5,,,,,Für die Lieferung innerhalb Deutschlands berechnen wir pauschal 4.50 € pro Lieferung unabhängig vom Gewicht der Lieferung innerhalb Deutschlands.  Ab einer Bestellung in Höhe von 150.00 € liefern wir portofrei.
44004,7322540728132,791528,Tena,TENA Pants Normal Medium - Umfang 80-110 cm - 72 Stück,62.28,1-3 Werktage bei Bestellungen vor 12.00 Uhr,TENA Pants -saugfähige Einweghose für jeden Grad der Blasenschwäche. Einfach wie normale Unterwäsche zu tragen.  Kein Rascheln dank stoffartigem Material verrutscht nicht 100 % atmungsaktiv durch das Air Dry Layer™ Material Tragen sich wie nor,https://www.inko-versand.de/inkontinenzbedarf/nach-hersteller-sortiert/tena-pants-normal-m-80-110-cm.html,https://www.inko-versand.de/media/catalog/product/cache/1/image/9df78eab33525d08d6e5fb8d27136e95/7/9/790118_tenapantsnormalmedium18.jpg,4.5,,,,,Für die Lieferung innerhalb Deutschlands berechnen wir pauschal 4.50 € pro Lieferung unabhängig vom Gewicht der Lieferung innerhalb Deutschlands.  Ab einer Bestellung in Höhe von 150.00 € liefern wir portofrei.
44044,7322540710762,759128,Tena,TENA Comfort Maxi (2x28=56 Stück/Karton),31.20,1-3 Werktage bei Bestellungen vor 12.00 Uhr,TENA Comfort - Einlagen für die Versorgung bei mittlerer bis schwerster Inkontinenz und Doppelinkontinenz. Gut zu fixieren mit TENAFix Premium Fixierhosen (waschbar bei 60°C).  True Blue™ Nässeindikator - verfärbt sich von gelb auf blau Sicher:,https://www.inko-versand.de/inkontinenzbedarf/nach-hersteller-sortiert/tena-comfort-maxi.html,https://www.inko-versand.de/media/catalog/product/cache/1/image/9df78eab33525d08d6e5fb8d27136e95/t/e/tenacomfortmaxi1.jpg,4.5,,,,,Für die Lieferung innerhalb Deutschlands berechnen wir pauschal 4.50 € pro Lieferung unabhängig vom Gewicht der Lieferung innerhalb Deutschlands.  Ab einer Bestellung in Höhe von 150.00 € liefern wir portofrei.
44027,7322540288797,760303,Tena,TENA Lady Mini Plus - leichte Blasenschwäche - 160 Stück,43.60,1-3 Werktage bei Bestellungen vor 12.00 Uhr,Für leichte Blasenschwäche: TENA Lady Einlagen  TENA Lady Einlagen sind saugfähiger sowie 4x trockener als herkömmliche Damenbinden und wurden speziell für leichte Blasenschwäche entwickelt.  TENA Lady Mini Plus  Saugfähiger als eine Maxi Dame,https://www.inko-versand.de/inkontinenzbedarf/nach-hersteller-sortiert/tena-lady-mini-plus-leichte-blasenschwaeche.html,https://www.inko-versand.de/media/catalog/product/cache/1/image/9df78eab33525d08d6e5fb8d27136e95/0/4/04tenaladyminiplusneu.jpg,4.5,,,,,Für die Lieferung innerhalb Deutschlands berechnen wir pauschal 4.50 € pro Lieferung unabhängig vom Gewicht der Lieferung innerhalb Deutschlands.  Ab einer Bestellung in Höhe von 150.00 € liefern wir portofrei.
04100221,7322540426366,750651,Tena,TENA Men Level 1 - 144 Stück,37.75,1-3 Werktage bei Bestellungen vor 12.00 Uhr,Überzeugen Sie sich von den speziell an die männliche Anatomie angepassten TENA Men Produkten. Die Einlagen sind atmungsaktiv und mit dem Geruchsbinder Odour Control™ ausgestattet.  Für leichte Blasenschwäche: TENA Men Level 1  Ultra dünne Ein,https://www.inko-versand.de/inkontinenzbedarf/nach-hersteller-sortiert/tena-men-level-1.html,https://www.inko-versand.de/media/catalog/product/cache/1/image/9df78eab33525d08d6e5fb8d27136e95/t/e/tenamenlevel1(1).jpg,4.5,,,,,Für die Lieferung innerhalb Deutschlands berechnen wir pauschal 4.50 € pro Lieferung unabhängig vom Gewicht der Lieferung innerhalb Deutschlands.  Ab einer Bestellung in Höhe von 150.00 € liefern wir portofrei.
44011,7322540574760,791102,Tena,TENA Pants Plus M - Umfang 80-110 cm - 56 Stück,55.98,1-3 Werktage bei Bestellungen vor 12.00 Uhr,TENA Pants -saugfähige Einweghose für jeden Grad der Blasenschwäche. Einfach wie normale Unterwäsche zu tragen.  Kein Rascheln dank stoffartigem Material verrutscht nicht 100 % atmungsaktiv durch das Air Dry Layer™ Material Tragen sich wie nor,https://www.inko-versand.de/inkontinenzbedarf/nach-hersteller-sortiert/tena-pants-plus-m-80-110-cm.html,https://www.inko-versand.de/media/catalog/product/cache/1/image/9df78eab33525d08d6e5fb8d27136e95/t/e/tenapantsplus1.jpg,4.5,,,,,Für die Lieferung innerhalb Deutschlands berechnen wir pauschal 4.50 € pro Lieferung unabhängig vom Gewicht der Lieferung innerhalb Deutschlands.  Ab einer Bestellung in Höhe von 150.00 € liefern wir portofrei.
44023,7322540005813,793300,Tena,TENA Pants Discreet L 95-125 cm - 40 Stück,43.55,1-3 Werktage bei Bestellungen vor 12.00 Uhr,TENA Pants -saugfähige Einweghose für jeden Grad der Blasenschwäche. Einfach wie normale Unterwäsche zu tragen. Eine sehr diskrete und angenehme Lösung am besten bei leichter bis mittlerer Blasenschwäche besonders auch für Sport und andere Ak,https://www.inko-versand.de/inkontinenzbedarf/nach-hersteller-sortiert/tena-pants-discreet-l-95-125-cm.html,https://www.inko-versand.de/media/catalog/product/cache/1/image/9df78eab33525d08d6e5fb8d27136e95/t/e/tenapantsdiscreet1.jpg,4.5,,,,,Für die Lieferung innerhalb Deutschlands berechnen wir pauschal 4.50 € pro Lieferung unabhängig vom Gewicht der Lieferung innerhalb Deutschlands.  Ab einer Bestellung in Höhe von 150.00 € liefern wir portofrei.
44013,7322540132168,791330,Tena,TENA Pants Plus XL - Umfang 125-160 cm - 48 Stück,62.25,1-3 Werktage bei Bestellungen vor 12.00 Uhr,TENA Pants -saugfähige Einweghose für jeden Grad der Blasenschwäche. Einfach wie normale Unterwäsche zu tragen.  Kein Rascheln dank stoffartigem Material verrutscht nicht 100 % atmungsaktiv durch das Air Dry Layer™ Material Tragen sich wie nor,https://www.inko-versand.de/inkontinenzbedarf/nach-hersteller-sortiert/tena-pants-plus-xl-125-160-cm.html,https://www.inko-versand.de/media/catalog/product/cache/1/image/9df78eab33525d08d6e5fb8d27136e95/p/a/pantsplus1.jpg,4.5,,,,,Für die Lieferung innerhalb Deutschlands berechnen wir pauschal 4.50 € pro Lieferung unabhängig vom Gewicht der Lieferung innerhalb Deutschlands.  Ab einer Bestellung in Höhe von 150.00 € liefern wir portofrei.
794610,7322540574920,794610,Tena,Tena Pants Maxi - mit ConfioFit - GrößöŸe L - 100-135 cm - 40 Stück,65.98,1-3 Werktage bei Bestellungen vor 12.00 Uhr,Die neuen Tena Pants Maxi mit der ConfioFit Innovation sind um 30% dünner als die herkömmlichen Tena Pants sind jedoch genauso sicher und sogar noch bequemer.  Sie bieten dank des verbesserten doppelten Auslaufschutzes optimale Sicherheit und füh,https://www.inko-versand.de/inkontinenzbedarf/nach-hersteller-sortiert/product-794610-tena-pants-maxi-mit-confiofit-groesse-l-100-135-cm-40-stueck.html,https://www.inko-versand.de/media/catalog/product/cache/1/image/9df78eab33525d08d6e5fb8d27136e95/7/9/794610_2.jpg,4.5,,,,,Für die Lieferung innerhalb Deutschlands berechnen wir pauschal 4.50 € pro Lieferung unabhängig vom Gewicht der Lieferung innerhalb Deutschlands.  Ab einer Bestellung in Höhe von 150.00 € liefern wir portofrei.
793612,7322540574906,793612,Tena,TENA Pants Super L - mit ConfioFit - bei mittlerer Blasenschwäche - GrößöŸe L - 100-135 cm - 48 Stk,69.78,1-3 Werktage bei Bestellungen vor 12.00 Uhr,Die neuen Tena Pants Super mit der ConfioFit Innovation sind um 30% dünner als die herkömmlichen Tena Pants sind jedoch genauso sicher und sogar noch bequemer.  Sie bieten dank des verbesserten doppelten Auslaufschutzes optimale Sicherheit und fü,https://www.inko-versand.de/inkontinenzbedarf/nach-hersteller-sortiert/product-793612-tena-pants-super-mit-confiofit-bei-mittlerer-blasenschwaeche-groesse-l-100-135-cm-48-stueck.html,https://www.inko-versand.de/media/catalog/product/cache/1/image/9df78eab33525d08d6e5fb8d27136e95/7/9/793612_2.jpg,4.5,,,,,Für die Lieferung innerhalb Deutschlands berechnen wir pauschal 4.50 € pro Lieferung unabhängig vom Gewicht der Lieferung innerhalb Deutschlands.  Ab einer Bestellung in Höhe von 150.00 € liefern wir portofrei.
793512,7322540574821,793512,Tena,Tena Pants Super M - mit ConfioFit - bei mittlerer Blasenschwäche - Umfang 80-110 cm - 48 Stück,59.98,1-3 Werktage bei Bestellungen vor 12.00 Uhr,Die neuen Tena Pants Super mit der ConfioFit Innovation sind um 30% dünner als die herkömmlichen Tena Pants sind jedoch genauso sicher und sogar noch bequemer.  Sie bieten dank des verbesserten doppelten Auslaufschutzes optimale Sicherheit und fü,https://www.inko-versand.de/inkontinenzbedarf/nach-hersteller-sortiert/product-793512-tena-pants-super-mit-confiofit-bei-mittlerer-blasenschwaeche-groesse-m-80-110-cm-48-stueck.html,https://www.inko-versand.de/media/catalog/product/cache/1/image/9df78eab33525d08d6e5fb8d27136e95/7/9/793512_2.jpg,4.5,,,,,Für die Lieferung innerhalb Deutschlands berechnen wir pauschal 4.50 € pro Lieferung unabhängig vom Gewicht der Lieferung innerhalb Deutschlands.  Ab einer Bestellung in Höhe von 150.00 € liefern wir portofrei.
792644,7322540665307,792644,Tena,TENA PANTS plus L ConfioFit Einweghose - Umfang 100-135 cm - 56 Stück,59.89,1-3 Werktage bei Bestellungen vor 12.00 Uhr,Die neuen Tena Pants Plus mit der ConfioFit Innovation sind um 30% dünner als die herkömmlichen Tena Pants sind jedoch genauso sicher und sogar noch bequemer.  Sie bieten dank des verbesserten doppelten Auslaufschutzes optimale Sicherheit und füh,https://www.inko-versand.de/inkontinenzbedarf/nach-hersteller-sortiert/product-792644-tena-pants-plus-mit-confiofit-groesse-l-100-135-cm-56-stueck.html,https://www.inko-versand.de/media/catalog/product/cache/1/image/9df78eab33525d08d6e5fb8d27136e95/7/9/792644_2.jpg,4.5,,,,,Für die Lieferung innerhalb Deutschlands berechnen wir pauschal 4.50 € pro Lieferung unabhängig vom Gewicht der Lieferung innerhalb Deutschlands.  Ab einer Bestellung in Höhe von 150.00 € liefern wir portofrei.
792514,7322540574760,792514,Tena,TENA PANTS plus M ConfioFit Einweghose - Umfang 80-110 cm - 56 Stück,56.79,1-3 Werktage bei Bestellungen vor 12.00 Uhr,Die neuen Tena Pants Plus mit der ConfioFit Innovation sind um 30% dünner als die herkömmlichen Tena Pants sind jedoch genauso sicher und sogar noch bequemer.  Sie bieten dank des verbesserten doppelten Auslaufschutzes optimale Sicherheit und füh,https://www.inko-versand.de/inkontinenzbedarf/nach-hersteller-sortiert/product-792514-tena-pants-plus-groesse-m-umfang-80-110-cm-56-stueck.html,https://www.inko-versand.de/media/catalog/product/cache/1/image/9df78eab33525d08d6e5fb8d27136e95/7/9/792514_2.jpg,4.5,,,,,Für die Lieferung innerhalb Deutschlands berechnen wir pauschal 4.50 € pro Lieferung unabhängig vom Gewicht der Lieferung innerhalb Deutschlands.  Ab einer Bestellung in Höhe von 150.00 € liefern wir portofrei.
760927,7322540593105,760927,Tena,TENA Lady Maxi - saugstarke Einlage - 144 Stück,71.23,1-3 Werktage bei Bestellungen vor 12.00 Uhr,Es handelt sich um sehr saugstarke atmungsaktive Einlagen mit doppeltem Saugkern und einzigartigen Mikro-Frischeperlen die mögliche Gerüche neutralisieren. Die Flüssigkeit wird sofort im Inneren eingeschlossen wodurch ein angenehm trockenes Hau,https://www.inko-versand.de/inkontinenzbedarf/nach-hersteller-sortiert/product-760927-tena-lady-maxi-saugstarke-einlage-geruchsneutralisierend-bei-mittlerer-bis-staerkerer-blasenschwaeche-144-stueck.html,https://www.inko-versand.de/media/catalog/product/cache/1/image/9df78eab33525d08d6e5fb8d27136e95/7/6/760927_2.jpg,4.5,,,,,Für die Lieferung innerhalb Deutschlands berechnen wir pauschal 4.50 € pro Lieferung unabhängig vom Gewicht der Lieferung innerhalb Deutschlands.  Ab einer Bestellung in Höhe von 150.00 € liefern wir portofrei.
750830,7322540463637,750830,Tena,Tena Men Level 3 - diskrete Einlage - bei mittelschwerer Inkontinenz - 96 Stück,37.75,1-3 Werktage bei Bestellungen vor 12.00 Uhr,Tena Men Level 3 diskrete Einlage bei schwerer Inkontinenz  Die Tena Men Level 3 Einlage wurde speziell an die männliche Anatomie angepasst und ist angenehm atmungsaktiv. Sie ist absolut diskret  denn ihr Fresh Odour Control Geruchsbinder der aus ,https://www.inko-versand.de/inkontinenzbedarf/nach-hersteller-sortiert/product-750830-tena-men-level-3-diskrete-einlage-bei-mittelschwerer-inkontinenz-27-5-x-23-cm-96-stueck.html,https://www.inko-versand.de/media/catalog/product/cache/1/image/9df78eab33525d08d6e5fb8d27136e95/7/5/750830_2.jpg,4.5,,,,,Für die Lieferung innerhalb Deutschlands berechnen wir pauschal 4.50 € pro Lieferung unabhängig vom Gewicht der Lieferung innerhalb Deutschlands.  Ab einer Bestellung in Höhe von 150.00 € liefern wir portofrei.
711228,7322540647006,711228,Tena,Tena Slip Super - Gr. M - Windelhose - mittlere is schwerste Inkontinenz - 84 Stück,76.44,1-3 Werktage bei Bestellungen vor 12.00 Uhr,Tena Slip Super Gr. M - Inkontinenzslip bei mittelschwerer bis schwerer Inkontinenz  Der Tena Slip Super ist geeignet für Personen mit mittelschwerer bis schwerer Inkontinenz und Doppelinkontinenz.  Die Windelhose besitzt einen doppelten Saugkern n,https://www.inko-versand.de/inkontinenzbedarf/nach-hersteller-sortiert/product-711228-tena-slip-super-gr-m-windelhose-84-stueck.html,https://www.inko-versand.de/media/catalog/product/cache/1/image/9df78eab33525d08d6e5fb8d27136e95/7/1/711228_2.jpg,4.5,,,,,Für die Lieferung innerhalb Deutschlands berechnen wir pauschal 4.50 € pro Lieferung unabhängig vom Gewicht der Lieferung innerhalb Deutschlands.  Ab einer Bestellung in Höhe von 150.00 € liefern wir portofrei.
44019,7322540005790,792300,Tena,TENA Pants Discreet Medium - Umfang 75-100 cm - 48 Stück,51.96,1-3 Werktage bei Bestellungen vor 12.00 Uhr,TENA Pants -saugfähige Einweghose für jeden Grad der Blasenschwäche. Einfach wie normale Unterwäsche zu tragen. Eine sehr diskrete und angenehme Lösung am besten bei leichter bis mittlerer Blasenschwäche besonders auch für Sport und andere Ak,https://www.inko-versand.de/inkontinenzbedarf/nach-hersteller-sortiert/tena-pants-discreet-m-75-100-cm.html,https://www.inko-versand.de/media/catalog/product/cache/1/image/9df78eab33525d08d6e5fb8d27136e95/t/e/tenapantsdiscreet1(1).jpg,4.5,,,,,Für die Lieferung innerhalb Deutschlands berechnen wir pauschal 4.50 € pro Lieferung unabhängig vom Gewicht der Lieferung innerhalb Deutschlands.  Ab einer Bestellung in Höhe von 150.00 € liefern wir portofrei.
44018,7322540710618,212742,Tena,TENA Comfort Normal (3x42=126 Stück/Karton),33.00,1-3 Werktage bei Bestellungen vor 12.00 Uhr,TENA Comfort - Einlagen für die Versorgung bei mittlerer bis schwerster Inkontinenz und Doppelinkontinenz. Gut zu fixieren mitTENAFix Premium Fixierhosen (waschbar bei 60°C).  True Blue™ Nässeindikator - verfärbt sich von gelb auf blau Sicher: ,https://www.inko-versand.de/tena-comfort-normal-einlagen-mittlerer-bis-schwerster-inkontinenz-und-doppelinkontinenz.html,https://www.inko-versand.de/media/catalog/product/cache/1/image/9df78eab33525d08d6e5fb8d27136e95/t/e/tenacomfortnormal.jpg,4.5,,,,,Für die Lieferung innerhalb Deutschlands berechnen wir pauschal 4.50 € pro Lieferung unabhängig vom Gewicht der Lieferung innerhalb Deutschlands.  Ab einer Bestellung in Höhe von 150.00 € liefern wir portofrei.
44007,7322540310498,760450,Tena,TENA Lady Normal (6x28=168 Stück/Karton),56.99,1-3 Werktage bei Bestellungen vor 12.00 Uhr,Für leichte Blasenschwäche: TENA Lady Einlagen  TENA Lady Einlagen sind saugfähiger sowie 4x trockener als herkömmliche Damenbinden und wurden speziell für leichte Blasenschwäche entwickelt.  TENA Lady Normal  Körpergerecht geformt Spezielle A,https://www.inko-versand.de/tena-lady-normal.html,https://www.inko-versand.de/media/catalog/product/cache/1/image/9df78eab33525d08d6e5fb8d27136e95/0/5/05tenaladynormalneu.jpg,4.5,,,,,Für die Lieferung innerhalb Deutschlands berechnen wir pauschal 4.50 € pro Lieferung unabhängig vom Gewicht der Lieferung innerhalb Deutschlands.  Ab einer Bestellung in Höhe von 150.00 € liefern wir portofrei.
44080,7322540039306,761706,Tena,TENA Lady Super (6x28=168 Stück/Karton),75.80,1-3 Werktage bei Bestellungen vor 12.00 Uhr,Die TENA Lady Super Einlagen sind besonders saugfähige Einlagen und bieten höchsten Schutz sowie Komfort bei mittlerer Blasenschwäche. Dafür sorgen unter anderem die anatomische Passform und die sichere Fixierung mit breiten Klebestreifen die ei,https://www.inko-versand.de/tena-lady-super-karton.html,https://www.inko-versand.de/media/catalog/product/cache/1/image/9df78eab33525d08d6e5fb8d27136e95/l/a/lady_super_1.jpg,4.5,,,,,Für die Lieferung innerhalb Deutschlands berechnen wir pauschal 4.50 € pro Lieferung unabhängig vom Gewicht der Lieferung innerhalb Deutschlands.  Ab einer Bestellung in Höhe von 150.00 € liefern wir portofrei.
44038,7322540710700,212846,Tena,TENA Comfort Plus (2x46=92 Stück/Karton),27.80,1-3 Werktage bei Bestellungen vor 12.00 Uhr,TENA Comfort - Einlagen für die Versorgung bei mittlerer bis schwerster Inkontinenz und Doppelinkontinenz. Gut zu fixieren mit TENAFix Premium Fixierhosen (waschbar bei 60°C).  True Blue™ Nässeindikator - verfärbt sich von gelb auf blau Sicher:,https://www.inko-versand.de/tena-comfort-plus.html,https://www.inko-versand.de/media/catalog/product/cache/1/image/9df78eab33525d08d6e5fb8d27136e95/t/e/tenaconfortplus1.jpg,4.5,,,,,Für die Lieferung innerhalb Deutschlands berechnen wir pauschal 4.50 € pro Lieferung unabhängig vom Gewicht der Lieferung innerhalb Deutschlands.  Ab einer Bestellung in Höhe von 150.00 € liefern wir portofrei.
44079,7310791247632,761130,Tena,TENA Lady Ultra Mini (10x28=280 Stück/Karton),44.30,1-3 Werktage bei Bestellungen vor 12.00 Uhr,Für sehr leichte Blasenschwäche: TENA Lady Slipeinlagen  Sie haben sehr leichte Blasenschwäche und verlieren nur gelegentlich ein paar Tröpfchen? TENA Lady Slipeinlagen sind so dünn wie herkömmliche Slipeinlagen dabei aber viel saugfähiger un,https://www.inko-versand.de/tena-lady-ultra-mini-sehr-leichte-blasenschwaeche.html,https://www.inko-versand.de/media/catalog/product/cache/1/image/9df78eab33525d08d6e5fb8d27136e95/0/2/02tenaladyultraminneui.jpg,4.5,,,,,Für die Lieferung innerhalb Deutschlands berechnen wir pauschal 4.50 € pro Lieferung unabhängig vom Gewicht der Lieferung innerhalb Deutschlands.  Ab einer Bestellung in Höhe von 150.00 € liefern wir portofrei.
760525,7322540659849,760525,Tena,TENA Lady Extra (6x20=120 Stück/Karton),34.85,1-3 Werktage bei Bestellungen vor 12.00 Uhr,Die TENA Lady Einlagen sind besonders saugfähige Einlagen und bieten höchsten Schutz sowie Komfort bei mittlerer Blasenschwäche. Dafür sorgen unter anderem die anatomische Passform und die sichere Fixierung mit breiten Klebestreifen die einen op,https://www.inko-versand.de/tena-lady-extra.html,https://www.inko-versand.de/media/catalog/product/cache/1/image/9df78eab33525d08d6e5fb8d27136e95/0/6/06tenaladyextraneu.jpg,4.5,,,,,Für die Lieferung innerhalb Deutschlands berechnen wir pauschal 4.50 € pro Lieferung unabhängig vom Gewicht der Lieferung innerhalb Deutschlands.  Ab einer Bestellung in Höhe von 150.00 € liefern wir portofrei.
04100393,7322540080940,761723,Tena,TENA Comfort Mini Super (6x30=180 Stück/Karton),45.64,1-3 Werktage bei Bestellungen vor 12.00 Uhr,Inkl. 19% USt. zzgl. Versandkosten TENA Comfort Mini - Einlagen für diskreten Schutz bei leichter bis mittlerer Blasenschwäche. Gut zu fixieren mit TENA Fix Premium Fixierhosen (waschbar bei 60°C).  True Blue™ Nässeindikator - verfärbt sich v,https://www.inko-versand.de/tena-comfort-mini-super-einlage-fuer-diskreten-schutz-leichter-mittlerer-blasenschwaeche.html,https://www.inko-versand.de/media/catalog/product/cache/1/image/9df78eab33525d08d6e5fb8d27136e95/7/6/761722-40_tena_comfortminisuper_28pcs.jpg,4.5,,,,,Für die Lieferung innerhalb Deutschlands berechnen wir pauschal 4.50 € pro Lieferung unabhängig vom Gewicht der Lieferung innerhalb Deutschlands.  Ab einer Bestellung in Höhe von 150.00 € liefern wir portofrei.
44174,7322540338966,761420,Tena,TENA Comfort Mini Plus (6x28=168 Stück/Karton),34.30,1-3 Werktage bei Bestellungen vor 12.00 Uhr,Inkl. 19% USt. zzgl. Versandkosten TENA Comfort Mini - Einlagen für diskreten Schutz bei leichter bis mittlerer Blasenschwäche. Gut zu fixieren mit TENA Fix Premium Fixierhosen (waschbar bei 60°C).  True Blue™ Nässeindikator - verfärbt sich v,https://www.inko-versand.de/tena-comfort-mini-plus.html,https://www.inko-versand.de/media/catalog/product/cache/1/image/9df78eab33525d08d6e5fb8d27136e95/7/6/761420-00_tena_comfortminiplus_28pcs.jpg,4.5,,,,,Für die Lieferung innerhalb Deutschlands berechnen wir pauschal 4.50 € pro Lieferung unabhängig vom Gewicht der Lieferung innerhalb Deutschlands.  Ab einer Bestellung in Höhe von 150.00 € liefern wir portofrei.
710133,7310791057033,710133,Tena,TENA Slip Plus S 56-85 cm (3x30=90 Stück/Karton),42.50,1-3 Werktage bei Bestellungen vor 12.00 Uhr,Windelhosen für mittlere bis schwerste Inkontinenz und Doppelinkontinez.  FeelDry™-Für ein absolut trockenes Gefühl Twin Core Dry Soft Technology™ doppelter Saugkern - für maximale Auslaufsicherheit und Trockenheit Flexfit™ Elastikzonen im ,https://www.inko-versand.de/tena-slip-plus-s-56-85-cm.html,https://www.inko-versand.de/media/catalog/product/cache/1/image/9df78eab33525d08d6e5fb8d27136e95/t/e/tenaslipplus1(1).jpg,4.5,,,,,Für die Lieferung innerhalb Deutschlands berechnen wir pauschal 4.50 € pro Lieferung unabhängig vom Gewicht der Lieferung innerhalb Deutschlands.  Ab einer Bestellung in Höhe von 150.00 € liefern wir portofrei.
44046,7322540646900,711428,Tena,TENA SLIP Super L 92-144 cm - mittlere bis schwerste Inkontinenz und Doppelinkontinez - 84 Stück,65.89,1-3 Werktage bei Bestellungen vor 12.00 Uhr,Der TENA Slip Super ist für schwere Harninkontinenz und Doppelinkontinenz geeignet. In GröÃŸe Large ist der Slip passend für einen Hüftumfang von 92-144 cm. Die atmungsaktiven TENA Slip mit ConfioAir™ lassen die Haut atmen und verhindern Hautir,https://www.inko-versand.de/tena-slip-super-l-92-144-cm.html,https://www.inko-versand.de/media/catalog/product/cache/1/image/9df78eab33525d08d6e5fb8d27136e95/t/e/tenaslipsuperm1(1).jpg,4.5,,,,,Für die Lieferung innerhalb Deutschlands berechnen wir pauschal 4.50 € pro Lieferung unabhängig vom Gewicht der Lieferung innerhalb Deutschlands.  Ab einer Bestellung in Höhe von 150.00 € liefern wir portofrei.
44041,7322540574869,792614,Tena,TENA Pants Plus L - Umfang 100-135 cm - 56 Stück,62.99,1-3 Werktage bei Bestellungen vor 12.00 Uhr,TENA Pants -saugfähige Einweghose für jeden Grad der Blasenschwäche. Einfach wie normale Unterwäsche zu tragen.  Kein Rascheln dank stoffartigem Material verrutscht nicht 100 % atmungsaktiv durch das Air Dry Layer™ Material Tragen sich wie nor,https://www.inko-versand.de/tena-pants-plus-l-100-135-cm.html,https://www.inko-versand.de/media/catalog/product/cache/1/image/9df78eab33525d08d6e5fb8d27136e95/t/e/tenapantsplus1(1).jpg,4.5,,,,,Für die Lieferung innerhalb Deutschlands berechnen wir pauschal 4.50 € pro Lieferung unabhängig vom Gewicht der Lieferung innerhalb Deutschlands.  Ab einer Bestellung in Höhe von 150.00 € liefern wir portofrei.
44039,7322540129588,725122,Tena,TENA Flex Maxi S 61-87 cm (3x22=66 Stück/Karton),57.69,1-3 Werktage bei Bestellungen vor 12.00 Uhr,TENA Flex - Einlagen mit flexiblem Hüftbund für mittlere bis schwerste Inkontinenz und Doppelinkontinenz.  ComfiStretch™ - elastische Einsätze für bequemen Sitz bei jeder Bewegung Superfit™ textiler patentierter Hüftbund - einfache Handhabu,https://www.inko-versand.de/tena-flex-maxi-s-61-87-cm.html,https://www.inko-versand.de/media/catalog/product/cache/1/image/9df78eab33525d08d6e5fb8d27136e95/t/e/tenaflexmaxis1.jpg,4.5,,,,,Für die Lieferung innerhalb Deutschlands berechnen wir pauschal 4.50 € pro Lieferung unabhängig vom Gewicht der Lieferung innerhalb Deutschlands.  Ab einer Bestellung in Höhe von 150.00 € liefern wir portofrei.
44020,7322540390605,724330,Tena,TENA Flex Super L 83-120 cm (3x30=90 Stück/Karton),54.55,1-3 Werktage bei Bestellungen vor 12.00 Uhr,TENA Flex - Einlagen mit flexiblem Hüftbund für mittlere bis schwerste Inkontinenz und Doppelinkontinenz. ComfiStretch™ - elastische Einsätze für bequemen Sitz bei jeder Bewegung Superfit™ textiler patentierter Hüftbund - einfache Handhabun,https://www.inko-versand.de/tena-flex-super-l-83-120-cm-3x30-90-stuck-karton.html,https://www.inko-versand.de/media/catalog/product/cache/1/image/9df78eab33525d08d6e5fb8d27136e95/t/e/tena_flex_super_4_2.jpg,4.5,,,,,Für die Lieferung innerhalb Deutschlands berechnen wir pauschal 4.50 € pro Lieferung unabhängig vom Gewicht der Lieferung innerhalb Deutschlands.  Ab einer Bestellung in Höhe von 150.00 € liefern wir portofrei.
44176,7322540390582,724230,Tena,TENA Flex Super M 71-102 cm (3x30=90 Stück/Karton),49.85,1-3 Werktage bei Bestellungen vor 12.00 Uhr,TENA Flex - Einlagen mit flexiblem Hüftbund für mittlere bis schwerste Inkontinenz und Doppelinkontinenz. ComfiStretch™ - elastische Einsätze für bequemen Sitz bei jeder Bewegung Superfit™ textiler patentierter Hüftbund - einfache Handhabun,https://www.inko-versand.de/tena-flex-super-m-71-102-cm-3x30-90-stuck-karton.html,https://www.inko-versand.de/media/catalog/product/cache/1/image/9df78eab33525d08d6e5fb8d27136e95/t/e/tena_flex_super_4_3.jpg,4.5,,,,,Für die Lieferung innerhalb Deutschlands berechnen wir pauschal 4.50 € pro Lieferung unabhängig vom Gewicht der Lieferung innerhalb Deutschlands.  Ab einer Bestellung in Höhe von 150.00 € liefern wir portofrei.
44054,7322540394474,724130,Tena,TENA Flex Super S 61-87 cm (3x30=90 Stück/Karton),46.25,1-3 Werktage bei Bestellungen vor 12.00 Uhr,TENA Flex - Einlagen mit flexiblem Hüftbund für mittlere bis schwerste Inkontinenz und Doppelinkontinenz. ComfiStretch™ - elastische Einsätze für bequemen Sitz bei jeder Bewegung Superfit™ textiler patentierter Hüftbund - einfache Handhabun,https://www.inko-versand.de/tena-flex-super-s-61-87-cm-3x30-90-stuck-karton.html,https://www.inko-versand.de/media/catalog/product/cache/1/image/9df78eab33525d08d6e5fb8d27136e95/t/e/tena_flex_super_4_4.jpg,4.5,,,,,Für die Lieferung innerhalb Deutschlands berechnen wir pauschal 4.50 € pro Lieferung unabhängig vom Gewicht der Lieferung innerhalb Deutschlands.  Ab einer Bestellung in Höhe von 150.00 € liefern wir portofrei.
44060,7322540054682,723330,Tena,TENA Flex Plus L 83-120 cm (3x30=90 Stück/Karton),68.90,1-3 Werktage bei Bestellungen vor 12.00 Uhr,TENA Flex - Einlagen mit flexiblem Hüftbund für mittlere bis schwerste Inkontinenz und Doppelinkontinenz.  ComfiStretch™ - elastische Einsätze für bequemen Sitz bei jeder Bewegung Superfit™ textiler patentierter Hüftbund - einfache Handhabu,https://www.inko-versand.de/tena-flex-plus-l-83-120-cm.html,https://www.inko-versand.de/media/catalog/product/cache/1/image/9df78eab33525d08d6e5fb8d27136e95/t/e/tenaflexplusm1(2).jpg,4.5,,,,,Für die Lieferung innerhalb Deutschlands berechnen wir pauschal 4.50 € pro Lieferung unabhängig vom Gewicht der Lieferung innerhalb Deutschlands.  Ab einer Bestellung in Höhe von 150.00 € liefern wir portofrei.
44032,7322540118988,725421,Tena,TENA Flex Maxi XL 105x153 cm (3x21=63 Stück/Karton),84.69,1-3 Werktage bei Bestellungen vor 12.00 Uhr,TENA Flex - Einlagen mit flexiblem Hüftbund für mittlere bis schwerste Inkontinenz und Doppelinkontinenz.  ComfiStretch™ - elastische Einsätze für bequemen Sitz bei jeder Bewegung Superfit™ textiler patentierter Hüftbund - einfache Handhabu,https://www.inko-versand.de/tena-flex-maxi-xl-105x153-cm.html,https://www.inko-versand.de/media/catalog/product/cache/1/image/9df78eab33525d08d6e5fb8d27136e95/t/e/tenaflexmaxi1.jpg,4.5,,,,,Für die Lieferung innerhalb Deutschlands berechnen wir pauschal 4.50 € pro Lieferung unabhängig vom Gewicht der Lieferung innerhalb Deutschlands.  Ab einer Bestellung in Höhe von 150.00 € liefern wir portofrei.
44008,7322540128956,723130,Tena,TENA Flex Plus S 61-87 cm (3x30=90 Stück/Karton),46.98,1-3 Werktage bei Bestellungen vor 12.00 Uhr,TENA Flex - Einlagen mit flexiblem Hüftbund für mittlere bis schwerste Inkontinenz und Doppelinkontinenz.  ComfiStretch™ - elastische Einsätze für bequemen Sitz bei jeder Bewegung Superfit™ textiler patentierter Hüftbund - einfache Handhabu,https://www.inko-versand.de/tena-flex-plus-s-61-87-cm.html,https://www.inko-versand.de/media/catalog/product/cache/1/image/9df78eab33525d08d6e5fb8d27136e95/t/e/tenaflexplusm1(1).jpg,4.5,,,,,Für die Lieferung innerhalb Deutschlands berechnen wir pauschal 4.50 € pro Lieferung unabhängig vom Gewicht der Lieferung innerhalb Deutschlands.  Ab einer Bestellung in Höhe von 150.00 € liefern wir portofrei.
44028,7322540079302,725322,Tena,TENA Flex Maxi L 83-120 cm (3x22=66 Stück/Karton),75.30,1-3 Werktage bei Bestellungen vor 12.00 Uhr,TENA Flex - Einlagen mit flexiblem Hüftbund für mittlere bis schwerste Inkontinenz und Doppelinkontinenz.  ComfiStretch™ - elastische Einsätze für bequemen Sitz bei jeder Bewegung Superfit™ textiler patentierter Hüftbund - einfache Handhabu,https://www.inko-versand.de/tena-flex-maxi-l-83-120-cm.html,https://www.inko-versand.de/media/catalog/product/cache/1/image/9df78eab33525d08d6e5fb8d27136e95/t/e/tenaflexmaxil1.jpg,4.5,,,,,Für die Lieferung innerhalb Deutschlands berechnen wir pauschal 4.50 € pro Lieferung unabhängig vom Gewicht der Lieferung innerhalb Deutschlands.  Ab einer Bestellung in Höhe von 150.00 € liefern wir portofrei.
44052,7322540054668,723230,Tena,TENA Flex Plus M 71-102 cm (3x30=90 Stück/Karton),44.35,1-3 Werktage bei Bestellungen vor 12.00 Uhr,TENA Flex - Einlagen mit flexiblem Hüftbund für mittlere bis schwerste Inkontinenz und Doppelinkontinenz.  ComfiStretch™ - elastische Einsätze für bequemen Sitz bei jeder Bewegung Superfit™ textiler patentierter Hüftbund - einfache Handhabu,https://www.inko-versand.de/tena-flex-plus-m-71-102-cm.html,https://www.inko-versand.de/media/catalog/product/cache/1/image/9df78eab33525d08d6e5fb8d27136e95/t/e/tenaflexplusm1.jpg,4.5,,,,,Für die Lieferung innerhalb Deutschlands berechnen wir pauschal 4.50 € pro Lieferung unabhängig vom Gewicht der Lieferung innerhalb Deutschlands.  Ab einer Bestellung in Höhe von 150.00 € liefern wir portofrei.
44033,7322540079265,725222,Tena,TENA Flex Maxi M 71-102 cm (3x22=66 Stück/Karton),61.39,1-3 Werktage bei Bestellungen vor 12.00 Uhr,TENA Flex - Einlagen mit flexiblem Hüftbund für mittlere bis schwerste Inkontinenz und Doppelinkontinenz.  ComfiStretch™ - elastische Einsätze für bequemen Sitz bei jeder Bewegung Superfit™ textiler patentierter Hüftbund - einfache Handhabu,https://www.inko-versand.de/tena-flex-maxi-m-71-102-cm.html,https://www.inko-versand.de/media/catalog/product/cache/1/image/9df78eab33525d08d6e5fb8d27136e95/t/e/tenaflexmaxil1(1).jpg,4.5,,,,,Für die Lieferung innerhalb Deutschlands berechnen wir pauschal 4.50 € pro Lieferung unabhängig vom Gewicht der Lieferung innerhalb Deutschlands.  Ab einer Bestellung in Höhe von 150.00 € liefern wir portofrei.
44010,7322540419467,754025,Tena,TENA Fix Premium Large (100 Stück/Karton),86.30,1-3 Werktage bei Bestellungen vor 12.00 Uhr,TENA Fix Premium- Fixierhosen für die sichere Fixierung von Einlagen waschbar bei 60°C im Netzwäschebeutel bei Schonwaschgang.     Die waschbare und wiederverwendbare Fixierhose unterstützt den Auslaufschutz indem sie für sichere Fixierung und,https://www.inko-versand.de/tena-fix-premium-large.html,https://www.inko-versand.de/media/catalog/product/cache/1/image/9df78eab33525d08d6e5fb8d27136e95/t/e/tenafix1.jpg,4.5,,,,,Für die Lieferung innerhalb Deutschlands berechnen wir pauschal 4.50 € pro Lieferung unabhängig vom Gewicht der Lieferung innerhalb Deutschlands.  Ab einer Bestellung in Höhe von 150.00 € liefern wir portofrei.
ID-0004,5414874009192,5501025140,Comfy,iD Comfy Junior XS Slip 40-70 cm - 168 Stk.,109.20,1-3 Werktage bei Bestellungen vor 12.00 Uhr,Eine Komplettlösung für Tag und Nacht iD Comfy ist eine saugfähige Pants für Kinder zwischen 4 bis 15 Jahren. Eine geeignete Lösung für die Nacht- und Tagversorgung gute Absorptionskapazität die durch ein HöchstmaÃŸ an Diskreation und Komfo,https://www.inko-versand.de/inkontinenzbedarf/nach-hersteller-sortiert/comfy/id-comfy-junior-xs-slip-40-70-cm.html,https://www.inko-versand.de/media/catalog/product/cache/1/image/9df78eab33525d08d6e5fb8d27136e95/i/d/id_comfy-junior-xs-slip_1.jpg,4.5,,,,,Für die Lieferung innerhalb Deutschlands berechnen wir pauschal 4.50 € pro Lieferung unabhängig vom Gewicht der Lieferung innerhalb Deutschlands.  Ab einer Bestellung in Höhe von 150.00 € liefern wir portofrei.
ID-0001,5414874008553,5501135140,Comfy,iD Comfy Junior pants 4 - 7 Jahre bis 86 cm - 56 Stk.,33.60,1-3 Werktage bei Bestellungen vor 12.00 Uhr,Eine Komplettlösung für Tag und Nacht iD Comfy ist eine saugfähige Pants für Kinder zwischen 4 bis 7 Jahren. Eine geeignete Lösung für die Nacht- und Tagversorgung gute Absorptionskapazität die durch ein HöchstmaÃŸ an Diskreation und Komfor,https://www.inko-versand.de/inkontinenzbedarf/nach-hersteller-sortiert/comfy/id-comfy-junior-pants-4-7-jahre-bis-86-cm.html,https://www.inko-versand.de/media/catalog/product/cache/1/image/9df78eab33525d08d6e5fb8d27136e95/i/d/id_comfy-junior-pants-4-7jahre.jpg,4.5,,,,,Für die Lieferung innerhalb Deutschlands berechnen wir pauschal 4.50 € pro Lieferung unabhängig vom Gewicht der Lieferung innerhalb Deutschlands.  Ab einer Bestellung in Höhe von 150.00 € liefern wir portofrei.
ID-0003,2147480000,5501245140,Comfy,iD Comfy Junior pants 8 - 15 Jahre bis 100 cm - 56 Stk.,33.04,1-3 Werktage bei Bestellungen vor 12.00 Uhr,Eine Komplettlösung für Tag und Nacht iD Comfy ist eine saugfähige Pants für Kinder zwischen 8 bis 15 Jahren. Eine geeignete Lösung für die Nacht- und Tagversorgung gute Absorptionskapazität die durch ein HöchstmaÃŸ an Diskreation und Komfo,https://www.inko-versand.de/inkontinenzbedarf/nach-hersteller-sortiert/comfy/id-comfy-junior-pants-8-15-jahre-bis-100-cm.html,https://www.inko-versand.de/media/catalog/product/cache/1/image/9df78eab33525d08d6e5fb8d27136e95/i/d/id_comfy-junior-pants-8-15-jahre.jpg,4.5,,,,,Für die Lieferung innerhalb Deutschlands berechnen wir pauschal 4.50 € pro Lieferung unabhängig vom Gewicht der Lieferung innerhalb Deutschlands.  Ab einer Bestellung in Höhe von 150.00 € liefern wir portofrei.
308836,5703538758638,308836,Abena,DELTA San No. 6 Regular - Inkontinenz-Vorlage - 30 x 63 cm - 120 Stück,36.40,1-3 Werktage bei Bestellungen vor 12.00 Uhr,Delta ist eine Serie von absorbierenden Inkontinenzprodukten die gezielt mit Hinblick auf Sicherheit Tragekomfort und Mobilität für Menschen geschaffen sind  die an mittlerer bis schwerer Inkontinenz leiden. Delta-San sind anatomisch geformte Vor,https://www.inko-versand.de/inkontinenzbedarf/nach-hersteller-sortiert/abri/product-308836-delta-san-no-6-regular-inkontinenz-vorlage-30-x-63-cm-120-stueck.html,https://www.inko-versand.de/media/catalog/product/cache/1/image/9df78eab33525d08d6e5fb8d27136e95/3/0/308836_2.jpg,4.5,,,,,Für die Lieferung innerhalb Deutschlands berechnen wir pauschal 4.50 € pro Lieferung unabhängig vom Gewicht der Lieferung innerhalb Deutschlands.  Ab einer Bestellung in Höhe von 150.00 € liefern wir portofrei.
246612,5703538138034,4450 246612,Abena,Abri-Bed Regular Schutzlaken 210 - Folie blau - 210 x 80 cm - 100 Stück,53.60,1-3 Werktage bei Bestellungen vor 12.00 Uhr,Die Abri-Bed regular Schutzlaken schützen Matratzen vor Feuchtigkeit und Verunreinigungen. Flüssigkeiten werden zuverlässig aufgenommen seitliche Barrieren am Schutzlaken bieten zusätzlichen Auslaufschutz und geben  dem Patienten somit ein angen,https://www.inko-versand.de/inkontinenzbedarf/nach-hersteller-sortiert/abri/product-246612-abri-bed-regular-schutzlaken-folie-blau-210-x-80-cm-100-stueck.html,https://www.inko-versand.de/media/catalog/product/cache/1/image/9df78eab33525d08d6e5fb8d27136e95/2/4/246612_2.jpg,4.5,,,,,Für die Lieferung innerhalb Deutschlands berechnen wir pauschal 4.50 € pro Lieferung unabhängig vom Gewicht der Lieferung innerhalb Deutschlands.  Ab einer Bestellung in Höhe von 150.00 € liefern wir portofrei.
425001,5703538958083,425001,Abena,Abena Abri-Fix Net Medium - Gr. M - Netzhose zum Fixieren von Vorlagen - 50 Stück,28.90,1-3 Werktage bei Bestellungen vor 12.00 Uhr,Abena Abri-Fix Net Medium Netzhose - ohne Bein Gr. M Zum Fixieren von Vorlagen  Die Abena Abri-Net Medium ist eine elastische Netzhose ohne Bein die Vorlagen optimal fixiert und ein Verrutschen zuverlässig verhindert. Sie kann bis zu 60°C gewasch,https://www.inko-versand.de/inkontinenzbedarf/nach-hersteller-sortiert/abri/product-02-4250-abena-abri-fix-net-medium-gr-m-netzhose-zum-fixieren-von-vorlagen-50-stueck.html,https://www.inko-versand.de/media/catalog/product/cache/1/image/9df78eab33525d08d6e5fb8d27136e95/0/2/02-4250_2.jpg,4.5,,,,,Für die Lieferung innerhalb Deutschlands berechnen wir pauschal 4.50 € pro Lieferung unabhängig vom Gewicht der Lieferung innerhalb Deutschlands.  Ab einer Bestellung in Höhe von 150.00 € liefern wir portofrei.
308840,5703538758232,308840,Abena, Mehr Ansichten  DELTA San No. 10 Regular - Inkontinenz-Vorlage - 36 x 70 cm - 80 Stück,33.10,1-3 Werktage bei Bestellungen vor 12.00 Uhr,Delta ist eine Serie von absorbierenden Inkontinenzprodukten die gezielt mit Hinblick auf Sicherheit Tragekomfort und Mobilität für Menschen geschaffen sind  die an mittlerer bis schwerer Inkontinenz leiden. Delta-San sind anatomisch geformte Vor,https://www.inko-versand.de/inkontinenzbedarf/nach-hersteller-sortiert/abri/product-308840-delta-san-no-10-regular-inkontinenz-vorlage-36-x-70-cm-80-stueck.html,https://www.inko-versand.de/media/catalog/product/cache/1/image/9df78eab33525d08d6e5fb8d27136e95/3/0/308840_2.jpg,4.5,,,,,Für die Lieferung innerhalb Deutschlands berechnen wir pauschal 4.50 € pro Lieferung unabhängig vom Gewicht der Lieferung innerhalb Deutschlands.  Ab einer Bestellung in Höhe von 150.00 € liefern wir portofrei.
30885201,5703538758478,30885201,Abena,DELTA FORM M 1 Windelhose Slip - Gr. M1 - 80 Stück,35.90,1-3 Werktage bei Bestellungen vor 12.00 Uhr,Delta-Form M1 Regular - Inkontinenz-Slip Gr. M1 Bei mittelschwerer bis schwerer Inkontinenz  Delta-Form ist eine Serie von absorbierenden Inkontinenzprodukten die gezielt mit Hinblick auf Sicherheit Tragekomfort und Mobilität für Menschen geschaf,https://www.inko-versand.de/inkontinenzbedarf/nach-hersteller-sortiert/abri/product-308852-delta-form-m1-regular-inkontinenz-slip-gr-m1-80-stueck.html,https://www.inko-versand.de/media/catalog/product/cache/1/image/9df78eab33525d08d6e5fb8d27136e95/3/0/308852_3.jpg,4.5,,,,,Für die Lieferung innerhalb Deutschlands berechnen wir pauschal 4.50 € pro Lieferung unabhängig vom Gewicht der Lieferung innerhalb Deutschlands.  Ab einer Bestellung in Höhe von 150.00 € liefern wir portofrei.
30887301,5703538758355,30887301,Abena,DELTA FORM L 3 Windelhose Slip - Gr. L3 - 60 Stück,41.50,1-3 Werktage bei Bestellungen vor 12.00 Uhr,Delta-Form L3 Regular - Inkontinenz-Slip Gr. L Bei mittelschwerer bis schwerer Inkontinenz  Delta-Form ist eine Serie von absorbierenden Inkontinenzprodukten die gezielt mit Hinblick auf Sicherheit Tragekomfort und Mobilität für Menschen geschaff,https://www.inko-versand.de/inkontinenzbedarf/nach-hersteller-sortiert/abri/product-308873-delta-form-l3-regular-inkontinenz-slip-gr-l3-60-stueck.html,https://www.inko-versand.de/media/catalog/product/cache/1/image/9df78eab33525d08d6e5fb8d27136e95/3/0/308873_2.jpg,4.5,,,,,Für die Lieferung innerhalb Deutschlands berechnen wir pauschal 4.50 € pro Lieferung unabhängig vom Gewicht der Lieferung innerhalb Deutschlands.  Ab einer Bestellung in Höhe von 150.00 € liefern wir portofrei.
30886301,5703538758591,30886301,Abena,DELTA FORM L 2 Windelhose Slip - Gr. L2 - 80 Stück,44.20,1-3 Werktage bei Bestellungen vor 12.00 Uhr,Delta-Form L2 Regular - Inkontinenz-Slip Gr. L2 Bei mittelschwerer bis schwerer Inkontinenz  Delta ist eine Serie von absorbierenden Inkontinenzprodukten die gezielt mit Hinblick auf Sicherheit Tragekomfort und Mobilität für Menschen geschaffen s,https://www.inko-versand.de/inkontinenzbedarf/nach-hersteller-sortiert/abri/product-308863-delta-form-l2-regular-inkontinenz-slip-gr-l2-80-stueck.html,https://www.inko-versand.de/media/catalog/product/cache/1/image/9df78eab33525d08d6e5fb8d27136e95/3/0/308863_3.jpg,4.5,,,,,Für die Lieferung innerhalb Deutschlands berechnen wir pauschal 4.50 € pro Lieferung unabhängig vom Gewicht der Lieferung innerhalb Deutschlands.  Ab einer Bestellung in Höhe von 150.00 € liefern wir portofrei.
30886201,5703538758553,30886201,Abena,DELTA FORM M2 Windelhose Slip - Gr. M2 - 80 Stück,41.99,1-3 Werktage bei Bestellungen vor 12.00 Uhr,Delta-Form M2 Regular - Inkontinenz-Slip Gr. M2 Bei mittelschwerer bis schwerer Inkontinenz  Delta ist eine Serie von absorbierenden Inkontinenzprodukten die gezielt mit Hinblick auf Sicherheit Tragekomfort und Mobilität für Menschen geschaffen s,https://www.inko-versand.de/inkontinenzbedarf/nach-hersteller-sortiert/abri/product-308862-delta-form-m2-regular-inkontinenz-slip-gr-m2-80-stueck.html,https://www.inko-versand.de/media/catalog/product/cache/1/image/9df78eab33525d08d6e5fb8d27136e95/3/0/308862_3.jpg,4.5,,,,,Für die Lieferung innerhalb Deutschlands berechnen wir pauschal 4.50 € pro Lieferung unabhängig vom Gewicht der Lieferung innerhalb Deutschlands.  Ab einer Bestellung in Höhe von 150.00 € liefern wir portofrei.
30885301,5703538758515,30885301,Abena,DELTA FORM L 1 Windelhose Slip - Gr. L - 80 Stück,42.55,1-3 Werktage bei Bestellungen vor 12.00 Uhr,Delta-Form L1 - Inkontinenz-Slip - Gr. L1 Bei mittelschwerer bis schwerer Inkontinenz   Der Delta-Form L1 Inkontinenz-Slip ist für Patienten mit einem Hüftumfang von 100 - 150 cm optimal geeignet. Durch einen extra Saugkern in der Mitte und zuverlÃ,https://www.inko-versand.de/inkontinenzbedarf/nach-hersteller-sortiert/abri/product-308853-delta-form-l1-inkontinenz-slip-gr-l-80-stueck.html,https://www.inko-versand.de/media/catalog/product/cache/1/image/9df78eab33525d08d6e5fb8d27136e95/3/0/308853_3.jpg,4.5,,,,,Für die Lieferung innerhalb Deutschlands berechnen wir pauschal 4.50 € pro Lieferung unabhängig vom Gewicht der Lieferung innerhalb Deutschlands.  Ab einer Bestellung in Höhe von 150.00 € liefern wir portofrei.
41071,4002017029452,2945/1890024,Abena,Abri-Flex Premium S1 - Gr. S - Inkontinenz-Pants - Umfang 60-90 cm - 84 Stück (0.55 € / Stk.),46.00,1-3 Werktage bei Bestellungen vor 12.00 Uhr,Abri-Flex Premium S1 - Inkontinenz-Pants Gr. S
Bei mittelschwerer bis schwerer Inkontinenz
Die Abri-Flex Premium S1 Inkontinenz-Pants kann wie ganz gewöhnliche Unterwäsche getragen werden.,https://www.inko-versand.de/product-41071-abri-flex-premium-s1-gr-s-inkontinenz-pants-umfang-60-90-cm-84-stueck.html,https://www.inko-versand.de/media/catalog/product/cache/1/image/9df78eab33525d08d6e5fb8d27136e95/4/1/41071.jpg,4.5,,,,,Für die Lieferung innerhalb Deutschlands berechnen wir pauschal 4.50 € pro Lieferung unabhängig vom Gewicht der Lieferung innerhalb Deutschlands.  Ab einer Bestellung in Höhe von 150.00 € liefern wir portofrei.
43056,5414874005545,14330281,Abena,Abri-Form Premium S4 - Gr. S4 - Inkontinenz-Slip - Umfang 60-85 cm - 66 Stück,32.10,1-3 Werktage bei Bestellungen vor 12.00 Uhr,Abri-Form Premium S4 - Inkontinenz-Slip Gr. S Bei mittelschwerer bis schwerer Inkontinenz   Sie basiert auf neueste Technologie hat ein neues anatomisches Design einen extra starken Saugkern und  zuverlässige Auslaufsperren. Sie bietet dem Patien,https://www.inko-versand.de/product-43056-abri-form-premium-s4-gr-s4-inkontinenz-slip-umfang-60-85-cm-66-stueck.html,https://www.inko-versand.de/media/catalog/product/cache/1/image/9df78eab33525d08d6e5fb8d27136e95/4/3/43056.jpg,4.5,,,,,Für die Lieferung innerhalb Deutschlands berechnen wir pauschal 4.50 € pro Lieferung unabhängig vom Gewicht der Lieferung innerhalb Deutschlands.  Ab einer Bestellung in Höhe von 150.00 € liefern wir portofrei.
43055,5414874005521,14320281,Abena,Abri-Form Premium S2 - Gr. S - Inkontinenz-Slip - Umfang 60-85 cm - 84 Stück,53.04,1-3 Werktage bei Bestellungen vor 12.00 Uhr,Abri-Form Premium S2 Gr. S Bei mittelschwerer bis schwerer Inkontinenz   Er basiert auf neuester Technologie hat ein neues anatomisches Design einen extra starken Saugkern und  zuverlässige Auslaufsperren. Er bietet dem Patienten noch mehr Schutz,https://www.inko-versand.de/product-43055-abri-form-premium-s2-gr-s-inkontinenz-slip-umfang-60-85-cm-84-stueck.html,https://www.inko-versand.de/media/catalog/product/cache/1/image/9df78eab33525d08d6e5fb8d27136e95/4/3/43055.jpg,4.5,,,,,Für die Lieferung innerhalb Deutschlands berechnen wir pauschal 4.50 € pro Lieferung unabhängig vom Gewicht der Lieferung innerhalb Deutschlands.  Ab einer Bestellung in Höhe von 150.00 € liefern wir portofrei.
300516,5703538274435,300516,Abena,Abena Abri-Form XXL1 - Inkontinenz-Slip - für Hüftumfang bis 254 cm - Gr. XXL1 - 40 Stück,84.25,1-3 Werktage bei Bestellungen vor 12.00 Uhr,Abena Abri-Form Premium XL2 - Inkontinenz-Slip Gr. XXL bei mittelschwerer bis schwerer Inkontinenz   Sie basiert auf neueste Technologie hat ein neues anatomisches Design einen extra starken Saugkern und  zuverlässige Auslaufsperren. Sie bietet d,https://www.inko-versand.de/product-300516-abena-abri-form-xxl2-inkontinenz-slip-fuer-hueftumfang-bis-254-cm-gr-xxl2-40-stueck.html,https://www.inko-versand.de/media/catalog/product/cache/1/image/9df78eab33525d08d6e5fb8d27136e95/3/0/300516_2.jpg,4.5,,,,,Für die Lieferung innerhalb Deutschlands berechnen wir pauschal 4.50 € pro Lieferung unabhängig vom Gewicht der Lieferung innerhalb Deutschlands.  Ab einer Bestellung in Höhe von 150.00 € liefern wir portofrei.
04100113,7322540593020,760623,Tena,TENA Lady Extra Plus (6x16=96 Stück/Karton),34.85,1-3 Werktage bei Bestellungen vor 12.00 Uhr,Die TENA Lady Einlagen sind besonders saugfähige Einlagen und bieten hÃ¶chsten Schutz sowie Komfort bei leichter bis mittlerer Blasenschwäche. Dafür sorgen unter anderem die anatomische Passform und die sichere Fixierung mit breiten Klebestreifen,https://www.inko-versand.de/tena-lady-extra-plus-karton.html,https://www.inko-versand.de/media/catalog/product/cache/1/image/9df78eab33525d08d6e5fb8d27136e95/0/7/07tenaladyextraplusneu.jpg,4.5,,,,,Für die Lieferung innerhalb Deutschlands berechnen wir pauschal 4.50 € pro Lieferung unabhängig vom Gewicht der Lieferung innerhalb Deutschlands.  Ab einer Bestellung in Höhe von 150.00 € liefern wir portofrei.
44029,7310797580535,218036,Tena,TENA Comfort Super (2x36=72 Stück/Karton),32.00,1-3 Werktage bei Bestellungen vor 12.00 Uhr,Inkl. 19% USt. zzgl. Versandkosten TENA Comfort - Einlagen für die Versorgung bei mittlerer bis schwerster Inkontinenz und Doppelinkontinenz. Gut zu fixieren mit TENAFix Premium Fixierhosen (waschbar bei 60°C).  True Blue™ Nässeindikator - verf,https://www.inko-versand.de/tena-comfort-super-karton.html,https://www.inko-versand.de/media/catalog/product/cache/1/image/9df78eab33525d08d6e5fb8d27136e95/t/e/tenacomfortsuper1.jpg,4.5,,,,,Für die Lieferung innerhalb Deutschlands berechnen wir pauschal 4.50 € pro Lieferung unabhängig vom Gewicht der Lieferung innerhalb Deutschlands.  Ab einer Bestellung in Höhe von 150.00 € liefern wir portofrei.
44034,7322540710724,212940,Tena,TENA Comfort Extra (2x40=80 Stück/Karton),26.90,1-3 Werktage bei Bestellungen vor 12.00 Uhr,TENA Comfort - Einlagen für die Versorgung bei mittlerer bis schwerster Inkontinenz und Doppelinkontinenz. Gut zu fixieren mit TENAFix Premium Fixierhosen (waschbar bei 60°C).  True Blue™ Nässeindikator - verfärbt sich von gelb auf blau Sicher:,https://www.inko-versand.de/tena-comfort-extra-karton.html,https://www.inko-versand.de/media/catalog/product/cache/1/image/9df78eab33525d08d6e5fb8d27136e95/t/e/tenacomfortextra1.jpg,4.5,,,,,Für die Lieferung innerhalb Deutschlands berechnen wir pauschal 4.50 € pro Lieferung unabhängig vom Gewicht der Lieferung innerhalb Deutschlands.  Ab einer Bestellung in Höhe von 150.00 € liefern wir portofrei.
44053,7322540338928,761520,Tena,TENA Comfort Mini Extra (8x28=224 Stück/Karton),47.50,1-3 Werktage bei Bestellungen vor 12.00 Uhr,TENA Comfort Mini - Einlagen für diskreten Schutz bei leichter bis mittlerer Blasenschwäche. Gut zu fixieren mit TENA Fix Premium Fixierhosen (waschbar bei 60°C).  True Blue™ Nässeindikator - verfärbt sich von gelb auf blau Sicher: Rundumbarri,https://www.inko-versand.de/tena-comfort-mini-extra-karton.html,https://www.inko-versand.de/media/catalog/product/cache/1/image/9df78eab33525d08d6e5fb8d27136e95/7/6/761520-00_tena_comfortminiextra_28pcs_portrait.jpg,4.5,,,,,Für die Lieferung innerhalb Deutschlands berechnen wir pauschal 4.50 € pro Lieferung unabhängig vom Gewicht der Lieferung innerhalb Deutschlands.  Ab einer Bestellung in Höhe von 150.00 € liefern wir portofrei.
44066,7322540393187,710924,Tena,TENA Slip Maxi M 73-122cm (3x24=72 Stück/Karton),55.60,1-3 Werktage bei Bestellungen vor 12.00 Uhr,Windelhosen für mittlere bis schwerste Inkontinenz und Doppelinkontinez.  FeelDry™-Für ein absolut trockenes Gefühl Twin Core Dry Soft Technology™ doppelter Saugkern - für maximale Auslaufsicherheit und Trockenheit Flexfit™ Elastikzonen im ,https://www.inko-versand.de/tena-slip-maxi-m-73-122cm-karton.html,https://www.inko-versand.de/media/catalog/product/cache/1/image/9df78eab33525d08d6e5fb8d27136e95/t/e/tenaslipmaxil1(1).jpg,4.5,,,,,Für die Lieferung innerhalb Deutschlands berechnen wir pauschal 4.50 € pro Lieferung unabhängig vom Gewicht der Lieferung innerhalb Deutschlands.  Ab einer Bestellung in Höhe von 150.00 € liefern wir portofrei.
44017,7310791054377,710730,Tena,TENA Slip Plus L 92-144cm (3x30=90 Stück/Karton),52.60,1-3 Werktage bei Bestellungen vor 12.00 Uhr,Windelhosen für mittlere bis schwerste Inkontinenz und Doppelinkontinez.  FeelDry™-Für ein absolut trockenes Gefühl Twin Core Dry Soft Technology™ doppelter Saugkern - für maximale Auslaufsicherheit und Trockenheit Flexfit™ Elastikzonen im ,https://www.inko-versand.de/tena-slip-plus-l-92-144cm-karton.html,https://www.inko-versand.de/media/catalog/product/cache/1/image/9df78eab33525d08d6e5fb8d27136e95/t/e/tenaslipplus1(2).jpg,4.5,,,,,Für die Lieferung innerhalb Deutschlands berechnen wir pauschal 4.50 € pro Lieferung unabhängig vom Gewicht der Lieferung innerhalb Deutschlands.  Ab einer Bestellung in Höhe von 150.00 € liefern wir portofrei.
04100290,7322540393224,711024,Tena,TENA Slip Maxi L 92-144cm (3x24=72 Stück/Karton),69.10,1-3 Werktage bei Bestellungen vor 12.00 Uhr,Windelhosen für mittlere bis schwerste Inkontinenz und Doppelinkontinez.  FeelDry™-Für ein absolut trockenes Gefühl Twin Core Dry Soft Technology™ doppelter Saugkern - für maximale Auslaufsicherheit und Trockenheit Flexfit™ Elastikzonen im ,https://www.inko-versand.de/tena-slip-maxi-l-92-144cm-karton.html,https://www.inko-versand.de/media/catalog/product/cache/1/image/9df78eab33525d08d6e5fb8d27136e95/t/e/tenaslipmaxil1.jpg,4.5,,,,,Für die Lieferung innerhalb Deutschlands berechnen wir pauschal 4.50 € pro Lieferung unabhängig vom Gewicht der Lieferung innerhalb Deutschlands.  Ab einer Bestellung in Höhe von 150.00 € liefern wir portofrei.
